調價日期,無鉛汽油92,無鉛汽油95,無鉛汽油98,超級/高級柴油,二行程無鉛,煤油,甲種漁船油(KL),乙種漁船油(KL),低硫燃料油(0.5%)(KL),甲種低硫燃料油/低硫鍋爐油(0.5%)(KL),特種低硫燃料油(KL),低硫鍋爐油(1%)(KL)
2019/12/30,27.7,29.2,31.2,25.7,,,18493.0,13578.0,,,,
2019/12/24,,,,,,37.6,,,,,,
2019/12/23,27.6,29.1,31.1,25.6,,,18393.0,13478.0,,,,
2019/12/17,,,,,,37.2,,,,,,
2019/12/16,27.3,28.8,30.8,25.2,,,17993.0,13078.0,,,,
2019/12/10,,,,,,36.3,,,,,,
2019/12/9,26.9,28.4,30.4,24.8,,,17593.0,12678.0,,,,
2019/12/6,,,,,,,,,16030.0,16705.0,,
2019/12/3,,,,,,36.9,,,,,,
2019/12/2,27.1,28.6,30.6,25.0,,,17793.0,12878.0,,,,
2019/11/25,26.9,28.4,30.4,24.7,,,17493.0,12578.0,,,,
2019/11/19,,,,,,36.3,,,,,,
2019/11/18,26.8,28.3,30.3,24.6,,,17393.0,12478.0,,,,
2019/11/11,26.6,28.1,30.1,24.4,,,17193.0,12278.0,,,,
2019/11/6,,,,,,,,,16151.0,16795.0,,
2019/10/28,26.4,27.9,29.9,24.2,,,16993.0,12078.0,,,,
2019/10/22,,,,,,36.7,,,,,,
2019/10/21,26.3,27.8,29.8,24.1,,,16893.0,11978.0,,,,
2019/10/15,,,,,,37.1,,,,,,
2019/10/14,26.2,27.7,29.7,24.0,,,16793.0,11878.0,,,,
2019/10/8,,,,,,37.7,,,,,,
2019/10/7,26.3,27.8,29.8,24.1,,,16893.0,11978.0,,,,
2019/10/6,,,,,,,,,16391.0,17067.0,,
2019/10/2,,,,,,38.9,,,,,,
2019/9/30,27.1,28.6,30.6,25.0,,,17793.0,12878.0,,,,
2019/9/24,,,,,,40.0,,,,,,
2019/9/23,27.3,28.8,30.8,25.5,,,18293.0,13378.0,,,,
2019/9/17,,,,,,38.5,,,,,,
2019/9/16,26.8,28.3,30.3,24.6,,,17393.0,12478.0,,,,
2019/9/9,26.3,27.8,29.8,24.2,,,16993.0,12078.0,,,,
2019/9/6,,,,,,,,,16510.0,17221.0,,
2019/9/2,26.5,28.0,30.0,24.3,,,17093.0,12178.0,,,,
2019/8/26,26.6,28.1,30.1,24.4,,,17193.0,12278.0,,,,
2019/8/20,,,,,,37.4,,,,,,
2019/8/19,,,,24.2,,,16993.0,12078.0,,,,
2019/8/13,,,,,,37.1,,,,,,
2019/8/12,26.3,27.8,29.8,24.1,,,16893.0,11978.0,,,,
2019/8/6,,,,,,,,,16778.0,17657.0,,
2019/7/29,27.2,28.7,30.7,25.1,,,17893.0,12978.0,,,,
2019/7/23,,,,,,39.3,,,,,,
2019/7/22,27.3,28.8,30.8,25.2,,,17993.0,13078.0,,,,
2019/7/16,,,,,,39.6,,,,,,
2019/7/15,27.6,29.1,31.1,25.6,,,18393.0,13478.0,,,,
2019/7/9,,,,,,38.7,,,,,,
2019/7/8,27.2,28.7,30.7,25.1,,,17893.0,12978.0,,,,
2019/7/6,,,,,,,,,16707.0,17727.0,,
2019/7/2,,,,,,39.0,,,,,,
2019/7/1,27.6,29.1,31.1,25.5,,,18293.0,13378.0,,,,
2019/6/25,,,,,,37.5,,,,,,
2019/6/24,27.2,28.7,30.7,25.1,,,17893.0,12978.0,,,,
2019/6/17,27.0,28.5,30.5,24.9,,,17693.0,12778.0,,,,
2019/6/12,,,,,,37.1,,,,,,
2019/6/10,26.9,28.4,30.4,24.8,,,17593.0,12678.0,,,,
2019/6/6,,,,,,,,,16401.0,17546.0,,
2019/6/4,,,,,,39.5,,,,,,
2019/6/3,28.3,29.8,31.8,26.3,,,19093.0,14178.0,,,,
2019/5/28,,,,,,40.5,,,,,,
2019/5/27,28.8,30.3,32.3,26.8,,,19593.0,14678.0,,,,
2019/5/21,,,,,,40.8,,,,,,
2019/5/20,28.9,30.4,32.4,27.0,,,19793.0,14878.0,,,,
2019/5/14,,,,,,39.9,,,,,,
2019/5/13,28.6,30.1,32.1,26.6,,,19393.0,14478.0,,,,
2019/5/7,,,,,,40.2,,,,,,
2019/5/6,28.8,30.3,32.3,26.8,,,19593.0,14678.0,15924.0,17007.0,,
2019/4/30,,,,,,41.0,,,,,,
2019/4/29,28.6,30.1,32.1,27.3,,,20093.0,15178.0,,,,
2019/4/22,28.5,30.0,32.0,26.8,,,19593.0,14678.0,,,,
2019/4/16,,,,,,40.2,,,,,,
2019/4/15,27.9,29.4,31.4,26.7,,,19493.0,14578.0,,,,
2019/4/8,27.7,29.2,31.2,26.3,,,19093.0,14178.0,,,,
2019/4/6,,,,,,,,,16114.0,16827.0,,
2019/4/1,27.5,29.0,31.0,25.9,,,18693.0,13778.0,,,,
2019/3/25,27.3,28.8,30.8,26.0,,,18793.0,13878.0,,,,
2019/3/18,26.8,28.3,30.3,25.9,,,18693.0,13778.0,,,,
2019/3/6,,,,,,,,,16674.0,17028.0,,
2019/3/4,26.5,28.0,30.0,,,,,,,,,
2019/2/26,,,,,,39.6,,,,,,
2019/2/25,,,,25.5,,,18293.0,13378.0,,,,
2019/2/19,,,,,,37.9,,,,,,
2019/2/18,26.3,27.8,29.8,25.1,,,17893.0,12978.0,,,,
2019/2/13,,,,,,36.7,,,,,,
2019/2/11,,,,24.7,,,17493.0,12578.0,17325.0,17656.0,,
2019/1/21,26.4,27.9,29.9,24.2,,,16993.0,12078.0,,,,
2019/1/15,,,,,,36.4,,,,,,
2019/1/14,26.1,27.6,29.6,23.9,,,16693.0,11778.0,,,,
2019/1/8,,,,,,33.7,,,,,,
2019/1/7,25.0,26.5,28.5,22.7,,,15493.0,10578.0,,,,
2019/1/6,,,,,,,,,17585.0,18397.0,,
2019/1/3,,,,,,33.1,,,,,,
2018/12/31,24.5,26.0,28.0,22.2,,,14993.0,10078.0,,,,
2018/12/25,,,,,,35.3,,,,,,
2018/12/24,25.4,26.9,28.9,23.2,,,15993.0,11078.0,,,,
2018/12/17,26.3,27.8,29.8,24.1,,,16893.0,11978.0,,,,
2018/12/11,,,,,,37.2,,,,,,
2018/12/10,26.4,27.9,29.9,24.2,,,16993.0,12078.0,,,,
2018/12/6,,,,,,,,,17367.0,18646.0,,
2018/12/4,,,,,,37.9,,,,,,
2018/12/3,26.2,27.7,29.7,24.0,,,16793.0,11878.0,,,,
2018/11/27,,,,,,40.5,,,,,,
2018/11/26,26.9,28.4,30.4,24.9,,,17693.0,12778.0,,,,
2018/11/20,,,,,,42.7,,,,,,
2018/11/19,27.8,29.3,31.3,25.7,,,18493.0,13578.0,,,,
2018/11/14,,,,,,43.4,,,,,,
2018/11/12,28.5,30.0,32.0,26.5,,,19293.0,14378.0,,,,
2018/11/7,,,,,,45.6,,,,,,
2018/11/6,,,,,,,,,17059.0,18457.0,,
2018/11/5,29.2,30.7,32.7,27.3,,,20093.0,15178.0,,,,
2018/10/31,,,,,,46.3,,,,,,
2018/10/29,29.5,31.0,33.0,27.7,,,20493.0,15578.0,,,,
2018/10/24,,,,,,46.8,,,,,,
2018/10/22,29.9,31.4,33.4,28.1,,,20893.0,15978.0,,,,
2018/10/10,,,,,,47.9,,,,,,
2018/10/6,,,,,,,,,16734.0,18045.0,,
2018/10/3,,,,,,46.3,,,,,,
2018/10/1,30.0,31.5,33.5,28.2,,,20993.0,16078.0,,,,
2018/9/17,29.5,31.0,33.0,27.7,,,20493.0,15578.0,,,,
2018/9/12,,,,,,45.3,,,,,,
2018/9/10,29.3,30.8,32.8,27.5,,,20293.0,15378.0,,,,
2018/9/6,,,,,,,,,16825.0,18019.0,,
2018/9/5,,,,,,44.6,,,,,,
2018/9/3,29.2,30.7,32.7,27.3,,,20093.0,15178.0,,,,
2018/9/1,,,,,,,,,,,,
2018/8/30,,,,,,43.4,,,,,,
2018/8/27,28.8,30.3,32.3,26.8,,,19593.0,14678.0,,,,
2018/8/22,,,,,,43.1,,,,,,
2018/8/20,28.5,30.0,32.0,26.5,,,19293.0,14378.0,,,,
2018/8/13,28.6,30.1,32.1,26.7,,,19493.0,14578.0,,,,
2018/8/6,,,,26.8,,,19593.0,14678.0,16330.0,17666.0,,
2018/8/1,,,,,,43.5,,,,,,
2018/7/30,28.8,30.3,32.3,26.9,,,19693.0,14778.0,,,,
2018/7/25,,,,,,42.5,,,,,,
2018/7/23,28.5,30.0,32.0,26.5,,,19293.0,14378.0,,,,
2018/7/16,28.9,30.4,32.4,27.0,,,19793.0,14878.0,,,,
2018/7/11,,,,,,44.0,,,,,,
2018/7/9,29.1,30.6,32.6,27.3,,,20093.0,15178.0,,,,
2018/7/6,,,,,,,,,16064.0,17280.0,,
2018/7/4,,,,,,43.1,,,,,,
2018/7/2,28.9,30.4,32.4,27.0,,,19793.0,14878.0,,,,
2018/6/27,,,,,,42.1,,,,,,
2018/6/25,28.5,30.0,32.0,26.6,,,19393.0,14478.0,,,,
2018/6/18,28.7,30.2,32.2,26.8,,,19593.0,14678.0,,,,
2018/6/13,,,,,,42.9,,,,,,
2018/6/11,28.6,30.1,32.1,26.7,,,19493.0,14578.0,,,,
2018/6/6,,,,,,43.2,,,15377.0,16513.0,,
2018/6/4,28.8,30.3,32.3,26.9,,,19693.0,14778.0,,,,
2018/5/30,,,,,,44.3,,,,,,
2018/5/28,29.2,30.7,32.7,27.3,,,20093.0,15178.0,,,,
2018/5/23,,,,,,43.9,,,,,,
2018/5/21,29.0,30.5,32.5,27.1,,,19893.0,14978.0,,,,
2018/5/16,,,,,,43.0,,,,,,
2018/5/14,28.7,30.2,32.2,26.7,,,19493.0,14578.0,,,,
2018/5/9,,,,,,41.8,,,,,,
2018/5/7,28.1,29.6,31.6,,,,,,,,,
2018/5/6,,,,,,,,,15260.0,16191.0,,
2018/5/3,,,,,,42.1,,,,,,
2018/4/30,28.2,29.7,31.7,26.1,,,18893.0,13978.0,,,,
2018/4/25,,,,,,41.0,,,,,,
2018/4/23,27.8,29.3,31.3,25.7,,,18493.0,13578.0,,,,
2018/4/18,,,,,,40.2,,,,,,
2018/4/16,27.3,28.8,30.8,25.2,,,17993.0,13078.0,,,,
2018/4/9,26.7,28.2,30.2,24.6,,,17393.0,12478.0,,,,
2018/4/6,,,,,,,,,14715.0,15796.0,,
2018/4/4,,,,,,39.1,,,,,,
2018/4/2,26.8,28.3,30.3,24.7,,,17493.0,12578.0,,,,
2018/3/28,,,,,,37.9,,,,,,
2018/3/26,26.6,28.1,30.1,24.4,,,17193.0,12278.0,,,,
2018/3/21,,,,,,36.7,,,,,,
2018/3/19,26.0,27.5,29.5,23.8,,,16593.0,11678.0,,,,
2018/3/14,,,,,,37.4,,,,,,
2018/3/12,26.1,27.6,29.6,23.9,,,16693.0,11778.0,,,,
2018/3/7,,,,,,38.9,,,,,,
2018/3/6,,,,,,,,,14376.0,15562.0,,
2018/3/5,26.3,27.8,29.8,24.1,,,16893.0,11978.0,,,,
2018/2/28,,,,,,38.0,,,,,,
2018/2/26,26.2,27.7,29.7,24.0,,,16793.0,11878.0,,,,
2018/2/22,,,,,,37.4,,,,,,
2018/2/19,25.8,27.3,29.3,23.6,,,16393.0,11478.0,,,,
2018/2/14,,,,,,38.9,,,,,,
2018/2/12,26.4,27.9,29.9,24.3,,,17093.0,12178.0,,,,
2018/2/6,,,,,,,,,13913.0,15182.0,,
2018/2/5,27.0,28.5,30.5,24.9,,,17693.0,12778.0,,,,
2018/1/24,,,,,,40.1,,,,,,
2018/1/22,27.2,28.7,30.7,,,,,,,,,
2018/1/17,,,,,,39.8,,,,,,
2018/1/15,27.1,28.6,30.6,25.1,,,17893.0,12978.0,,,,
2018/1/10,,,,,,39.5,,,,,,
2018/1/8,26.9,28.4,30.4,24.8,,,17593.0,12678.0,,,,
2018/1/6,,,,,,,,,13538.0,14706.0,,
2018/1/3,,,,,,39.2,,,,,,
2018/1/1,26.7,28.2,30.2,24.6,,,17393.0,12478.0,,,,
2017/12/27,,,,,,38.3,,,,,,
2017/12/25,26.4,27.9,29.9,24.2,,,16993.0,12078.0,,,,
2017/12/20,,,,,,38.0,,,,,,
2017/12/18,26.3,27.8,29.8,24.1,,,16893.0,11978.0,,,,
2017/12/13,,,,,,37.7,,,,,,
2017/12/11,26.1,27.6,29.6,23.9,,,16693.0,11778.0,,,,
2017/12/6,,,,,,,,,12812.0,13993.0,,
2017/12/4,,,,24.1,,,16893.0,11978.0,,,,
2017/11/29,,,,,,38.6,,,,,,
2017/11/27,26.2,27.7,29.7,24.0,,,16793.0,11878.0,,,,
2017/11/22,,,,,,38.0,,,,,,
2017/11/20,26.1,27.6,29.6,23.9,,,16693.0,11778.0,,,,
2017/11/15,,,,,,38.6,,,,,,
2017/11/13,26.4,27.9,29.9,24.3,,,17093.0,12178.0,,,,
2017/11/8,,,,,,37.1,,,,,,
2017/11/6,25.8,27.3,29.3,23.6,,,16393.0,11478.0,12056.0,13239.0,,
2017/11/1,,,,,,35.9,,,,,,
2017/10/30,25.3,26.8,28.8,23.0,,,15793.0,10878.0,,,,
2017/10/25,,,,,,35.3,,,,,,
2017/10/23,25.1,26.6,28.6,22.9,,,15693.0,10778.0,,,,
2017/10/16,,,,22.6,,,15393.0,10478.0,,,,
2017/10/12,,,,,,34.4,,,,,,
2017/10/9,24.9,26.4,28.4,22.7,,,15493.0,10578.0,,,,
2017/10/6,,,,,,,,,11655.0,12751.0,,
2017/10/4,,,,,,35.3,,,,,,
2017/10/2,25.2,26.7,28.7,23.0,,,15793.0,10878.0,,,,
2017/9/27,,,,,,34.4,,,,,,
2017/9/25,24.8,26.3,28.3,22.6,,,15393.0,10478.0,,,,
2017/9/18,24.5,26.0,28.0,22.2,,,14993.0,10078.0,,,,
2017/9/13,,,,,,33.5,,,,,,
2017/9/11,24.3,25.8,27.8,22.0,,,14793.0,9878.0,,,,
2017/9/6,,,,,,32.0,,,11718.0,12687.0,,
2017/9/4,23.9,25.4,27.4,21.5,,,14293.0,9378.0,,,,
2017/8/30,,,,,,31.1,,,,,,
2017/8/28,23.8,25.3,27.3,21.4,,,14193.0,9278.0,,,,
2017/8/23,,,,,,30.5,,,,,,
2017/8/21,23.6,25.1,27.1,21.2,,,13993.0,9078.0,,,,
2017/8/9,,,,,,31.1,,,,,,
2017/8/7,23.9,25.4,27.4,21.5,,,14293.0,9378.0,,,,
2017/8/6,,,,,,,,,12180.0,12999.0,,
2017/8/2,,,,,,29.6,,,,,,
2017/7/31,23.4,24.9,26.9,21.0,,,13793.0,8878.0,,,,
2017/7/26,,,,,,29.0,,,,,,
2017/7/24,23.2,24.7,26.7,20.8,,,13593.0,8678.0,,,,
2017/7/19,,,,,,28.1,,,,,,
2017/7/17,22.9,24.4,26.4,20.4,,,13193.0,8278.0,,,,
2017/7/12,,,,,,29.0,,,,,,
2017/7/10,23.2,24.7,26.7,20.8,,,13593.0,8678.0,,,,
2017/7/6,,,,,,,,,12755.0,13529.0,,
2017/7/5,,,,,,28.4,,,,,,
2017/7/3,22.8,24.3,26.3,20.3,,,13093.0,8178.0,,,,
2017/6/28,,,,,,27.2,,,,,,
2017/6/26,22.5,24.0,26.0,20.0,,,12793.0,7878.0,,,,
2017/6/21,,,,,,27.8,,,,,,
2017/6/19,22.8,24.3,26.3,20.3,,,13093.0,8178.0,,,,
2017/6/14,,,,,,28.4,,,,,,
2017/6/12,23.0,24.5,26.5,20.6,,,13393.0,8478.0,,,,
2017/6/7,,,,,,28.7,,,,,,
2017/6/6,,,,,,,,,12901.0,13765.0,,
2017/6/5,23.5,25.0,27.0,21.1,,,13893.0,8978.0,,,,
2017/6/1,,,,,,29.9,,,,,,
2017/5/29,24.1,25.6,27.6,21.7,,,14493.0,9578.0,,,,
2017/5/24,,,,,,29.0,,,,,,
2017/5/22,23.9,25.4,27.4,21.5,,,14293.0,9378.0,,,,
2017/5/10,,,,,,28.1,,,,,,
2017/5/8,23.4,24.9,26.9,20.9,,,13693.0,8778.0,,,,
2017/5/6,,,,,,,,,13148.0,14075.0,,
2017/5/3,,,,,,29.3,,,,,,
2017/5/1,23.7,25.2,27.2,21.3,,,14093.0,9178.0,,,,
2017/4/26,,,,,,31.1,,,,,,
2017/4/24,24.2,25.7,27.7,21.8,,,14593.0,9678.0,,,,
2017/4/19,,,,,,32.2,,,,,,
2017/4/17,24.7,26.2,28.2,22.4,,,15193.0,10278.0,,,,
2017/4/12,,,,,,31.7,,,,,,
2017/4/10,24.3,25.8,27.8,22.0,,,14793.0,9878.0,,,,
2017/4/6,,,,,,31.4,,,13224.0,14230.0,,
2017/4/3,23.7,25.2,27.2,21.3,,,14093.0,9178.0,,,,
2017/3/29,,,,,,31.1,,,,,,
2017/3/27,23.6,25.1,27.1,21.2,,,13993.0,9078.0,,,,
2017/3/22,,,,,,31.7,,,,,,
2017/3/20,23.8,25.3,27.3,21.5,,,14293.0,9378.0,,,,
2017/3/15,,,,,,33.8,,,,,,
2017/3/13,24.6,26.1,28.1,22.2,,,14993.0,10078.0,,,,
2017/3/8,,,,,,35.0,,,,,,
2017/3/6,,,,,,,,,13325.0,14294.0,,
2017/2/27,24.9,26.4,28.4,22.6,,,15393.0,10478.0,,,,
2017/2/20,24.8,26.3,28.3,22.5,,,15293.0,10378.0,,,,
2017/2/13,24.9,26.4,28.4,22.6,,,15393.0,10478.0,,,,
2017/2/8,,,,,,35.9,,,,,,
2017/2/6,25.0,26.5,28.5,22.7,,,15493.0,10578.0,12892.0,13785.0,,
2017/1/23,24.9,26.4,28.4,22.6,,,15393.0,10478.0,,,,
2017/1/18,,,,,,35.3,,,,,,
2017/1/16,25.0,26.5,28.5,22.7,,,15493.0,10578.0,,,,
2017/1/9,,,,23.1,,,15893.0,10978.0,,,,
2017/1/6,,,,,,,,,12461.0,13314.0,,
2017/1/4,,,,,,35.9,,,,,,
2017/1/2,25.3,26.8,28.8,23.0,,,15793.0,10878.0,,,,
2016/12/21,,,,,,35.3,,,,,,
2016/12/19,24.9,26.4,28.4,22.6,,,15393.0,10478.0,,,,
2016/12/14,,,,,,34.4,,,,,,
2016/12/12,24.6,26.1,28.1,22.2,,,14993.0,10078.0,,,,
2016/12/6,,,,,,,,,12147.0,12933.0,,
2016/12/5,23.6,25.1,27.1,21.2,,,13993.0,9078.0,,,,
2016/11/30,,,,,,32.0,,,,,,
2016/11/28,23.3,24.8,26.8,20.9,,,13693.0,8778.0,,,,
2016/11/21,22.6,24.1,26.1,20.1,,,12893.0,7978.0,,,,
2016/11/16,,,,,,29.9,,,,,,
2016/11/14,22.5,24.0,26.0,20.0,,,12793.0,7878.0,,,,
2016/11/9,,,,,,31.1,,,,,,
2016/11/7,22.8,24.3,26.3,20.4,,,13193.0,8278.0,,,,
2016/11/6,,,,,,,,,11927.0,12719.0,,
2016/11/2,,,,,,34.1,,,,,,
2016/10/31,23.8,25.3,27.3,21.4,,,14193.0,9278.0,,,,
2016/10/24,,,,21.6,,,14393.0,9478.0,,,,
2016/10/19,,,,,,35.3,,,,,,
2016/10/17,24.0,25.5,27.5,21.7,,,14493.0,9578.0,,,,
2016/10/12,,,,,,34.4,,,,,,
2016/10/10,23.8,25.3,27.3,21.4,,,14193.0,9278.0,,,,
2016/10/6,,,,,,,,,12229.0,12866.0,,
2016/10/5,,,,,,32.3,,,,,,
2016/10/3,22.7,24.2,26.2,20.2,,,12993.0,8078.0,,,,
2016/9/26,22.6,24.1,26.1,20.1,,,12893.0,7978.0,,,,
2016/9/20,,,,,,31.4,,,,,,
2016/9/19,22.7,24.2,26.2,20.2,,,12993.0,8078.0,,,,
2016/9/7,,,,,,32.3,,,,,,
2016/9/6,,,,,,,,,12178.0,12911.0,,
2016/9/5,22.9,24.4,26.4,20.4,,,13193.0,8278.0,,,,
2016/8/29,23.4,24.9,26.9,20.9,,,13693.0,8778.0,,,,
2016/8/24,,,,,,33.2,,,,,,
2016/8/22,23.3,24.8,26.8,20.8,,,13593.0,8678.0,,,,
2016/8/17,,,,,,30.5,,,,,,
2016/8/15,22.2,23.7,25.7,19.7,,,12493.0,7578.0,,,,
2016/8/10,,,,,,29.3,,,,,,
2016/8/8,21.8,23.3,25.3,19.2,,,11993.0,7078.0,,,,
2016/8/6,,,,,,,,,12191.0,12975.0,,
2016/8/3,,,,,,30.8,,,,,,
2016/8/1,22.1,23.6,25.6,19.5,,,12293.0,7378.0,,,,
2016/7/27,,,,,,32.3,,,,,,
2016/7/25,,,,20.1,,,12893.0,7978.0,,,,
2016/7/20,,,,,,32.9,,,,,,
2016/7/18,22.7,24.2,26.2,20.2,,,12993.0,8078.0,,,,
2016/7/11,23.1,24.6,26.6,20.6,,,13393.0,8478.0,,,,
2016/7/6,,,,,,,,,11503.0,12333.0,,
2016/7/4,23.4,24.9,26.9,20.9,,,13693.0,8778.0,,,,
2016/6/27,23.6,25.1,27.1,21.1,,,13893.0,8978.0,,,,
2016/6/22,,,,,,33.4,,,,,,
2016/6/20,23.4,24.9,26.9,21.0,,,13793.0,8878.0,,,,
2016/6/13,23.9,25.4,27.4,21.5,,,14293.0,9378.0,,,,
2016/6/6,,,,21.2,,,13993.0,9078.0,10795.0,11534.0,,
2016/6/1,,,,,,34.9,,,,,,
2016/5/30,,,,21.1,,,13893.0,8978.0,,,,
2016/5/25,,,,,,34.4,,,,,,
2016/5/23,23.6,25.1,27.1,21.2,,,13993.0,9078.0,,,,
2016/5/16,22.9,24.4,26.4,20.4,,,13193.0,8278.0,,,,
2016/5/11,,,,,,32.6,,,,,,
2016/5/6,,,,,,,,,10110.0,10689.0,,
2016/5/4,,,,,,33.2,,,,,,
2016/5/2,22.6,24.1,26.1,20.1,,,12893.0,7978.0,,,,
2016/4/25,22.1,23.6,25.6,19.5,,,12293.0,7378.0,,,,
2016/4/20,,,,,,31.1,,,,,,
2016/4/18,22.0,23.5,25.5,19.4,,,12193.0,7278.0,,,,
2016/4/11,20.9,22.4,24.4,18.3,,,11093.0,6178.0,,,,
2016/4/6,,,,,,,,,10729.0,10908.0,,
2016/4/4,21.1,22.6,24.6,18.4,,,11193.0,6278.0,,,,
2016/4/1,,,,,,,,,,,,
2016/3/28,21.4,22.9,24.9,18.8,,,11593.0,6678.0,,,,
2016/3/23,,,,,,29.0,,,,,,
2016/3/21,21.2,22.7,24.7,,,,,,,,,
2016/3/16,,,,,,28.7,,,,,,
2016/3/14,21.3,22.8,24.8,18.6,,,11393.0,6478.0,,,,
2016/3/9,,,,,,26.3,,,,,,
2016/3/7,20.4,21.9,23.9,17.7,,,10493.0,5578.0,,,,
2016/3/6,,,,,,,,,12261.0,12261.0,,
2016/3/2,,,,,,24.5,,,,,,
2016/2/29,,,,17.2,,,9993.0,5078.0,,,,
2016/2/24,,,,,,24.8,,,,,,
2016/2/22,19.9,21.4,23.4,17.1,,,9893.0,4978.0,,,,
2016/2/17,,,,,,23.3,,,,,,
2016/2/15,19.0,20.5,22.5,16.2,,,8993.0,4078.0,,,,
2016/2/8,19.9,21.4,23.4,17.1,,,9893.0,4978.0,,,,
2016/2/6,,,,,,,,,13252.0,13252.0,,
2016/2/3,,,,,,22.1,,,,,,
2016/2/1,19.3,20.8,22.8,16.5,,,9293.0,4378.0,,,,
2016/1/27,,,,,,20.1,,,,,,
2016/1/25,18.3,19.8,21.8,15.5,,,8293.0,3378.0,,,,
2016/1/20,,,,,,20.6,,,,,,
2016/1/18,18.4,19.9,21.9,15.9,,,8693.0,3778.0,,,,
2016/1/13,,,,,,21.6,,,,,,
2016/1/11,19.5,21.0,23.0,17.0,,,9793.0,4878.0,,,,
2016/1/6,,,,,,22.1,,,13732.0,13856.0,,
2015/12/30,,,,,,22.6,,,,,,
2015/12/28,19.9,21.4,23.4,17.4,,,10193.0,5278.0,,,,
2015/12/23,,,,,,22.7,,,,,,
2015/12/21,20.1,21.6,23.6,17.6,,,10393.0,5478.0,,,,
2015/12/16,,,,,,23.4,,,,,,
2015/12/14,20.8,22.3,24.3,18.4,,,11193.0,6278.0,,,,
2015/12/9,,,,,,25.0,,,,,,
2015/12/7,21.6,23.1,25.1,19.3,,,12093.0,7178.0,,,,
2015/12/6,,,,,,,,,13834.0,13999.0,,
2015/11/30,21.7,23.2,25.2,19.5,,,12293.0,7378.0,,,,
2015/11/25,,,,,,25.6,,,,,,
2015/11/23,21.5,23.0,25.0,19.2,,,11993.0,7078.0,,,,
2015/11/18,,,,,,26.6,,,,,,
2015/11/16,22.2,23.7,25.7,20.0,,,12793.0,7878.0,,,,
2015/11/11,,,,,,27.4,,,,,,
2015/11/9,22.8,24.3,26.3,20.6,,,13393.0,8478.0,,,,
2015/11/6,,,,,,,,,13889.0,14289.0,,
2015/10/28,,,,,,26.5,,,,,,
2015/10/26,22.6,24.1,26.1,20.4,,,13193.0,8278.0,,,,
2015/10/21,,,,,,27.0,,,,,,
2015/10/19,23.2,24.7,26.7,21.1,,,13893.0,8978.0,,,,
2015/10/12,23.6,25.1,27.1,21.5,,,14293.0,9378.0,,,,
2015/10/6,,,,,,,,,14348.0,14561.0,,
2015/9/28,22.8,24.3,26.3,20.6,,,13393.0,8478.0,,,,
2015/9/21,22.7,24.2,26.2,20.5,,,13293.0,8378.0,,,,
2015/9/14,23.1,24.6,26.6,20.9,,,13693.0,8778.0,,,,
2015/9/9,,,,,,27.5,,,,,,
2015/9/7,23.4,24.9,26.9,21.3,,,14093.0,9178.0,,,,
2015/9/6,,,,,,,,,14821.0,15091.0,,
2015/9/2,,,,,,27.0,,,,,,
2015/8/31,22.4,23.9,25.9,20.1,,,12893.0,7978.0,,,,
2015/8/24,23.1,24.6,26.6,20.9,,,13693.0,8778.0,,,,
2015/8/17,23.4,24.9,26.9,21.3,,,14093.0,9178.0,,,,
2015/8/12,,,,,,26.0,,,,,,
2015/8/10,23.3,24.8,26.8,21.2,,,13993.0,9078.0,,,,
2015/8/6,,,,,,,,,15087.0,15770.0,,
2015/8/5,,,,,,27.0,,,,,,
2015/8/3,24.1,25.6,27.6,22.0,,,14793.0,9878.0,,,,
2015/7/29,,,,,,28.0,,,,,,
2015/7/27,24.5,26.0,28.0,22.4,,,15193.0,10278.0,,,,
2015/7/22,,,,,,28.5,,,,,,
2015/7/15,,,,,,29.0,,,,,,
2015/7/13,24.7,26.2,28.2,22.7,,,15493.0,10578.0,,,,
2015/7/6,25.5,27.0,29.0,23.6,,,16393.0,11478.0,15343.0,16188.0,,
2015/7/1,,,,,,30.0,,,,,,
2015/6/29,25.6,27.1,29.1,23.7,,,16493.0,11578.0,,,,
2015/6/22,25.7,27.2,29.2,23.8,,,16593.0,11678.0,,,,
2015/6/17,,,,,,30.5,,,,,,
2015/6/15,25.9,27.4,29.4,24.1,,,16893.0,11978.0,,,,
2015/6/10,,,,,,30.0,,,,,,
2015/6/8,25.7,27.2,29.2,23.8,,,16593.0,11678.0,,,,
2015/6/6,,,,,,,,,,16748.0,,
2015/6/3,,,,,,30.5,,,,,,
2015/6/1,25.6,27.1,29.1,23.6,,,16393.0,11478.0,,,,
2015/5/25,25.9,27.4,29.4,24.0,,,16793.0,11878.0,,,,
2015/5/18,26.1,27.6,29.6,24.2,,,16993.0,12078.0,,,,
2015/5/13,,,,,,32.0,,,,,,
2015/5/11,26.3,27.8,29.8,24.4,,,17193.0,12278.0,,,,
2015/5/6,,,,,,31.5,,,15426.0,16679.0,,
2015/5/4,25.7,27.2,29.2,23.8,,,16593.0,11678.0,,,,
2015/4/29,,,,,,31.0,,,,,,
2015/4/27,25.5,27.0,29.0,23.6,,,16393.0,11478.0,,,,
2015/4/22,,,,,,30.5,,,,,,
2015/4/20,25.2,26.7,28.7,23.2,,,15993.0,11078.0,,,,
2015/4/13,24.4,25.9,27.9,22.4,,,15193.0,10278.0,,,,
2015/4/6,24.1,25.6,27.6,22.1,,,14893.0,9978.0,15744.0,17084.0,,
2015/4/1,,,,,,29.5,,,,,,
2015/3/30,24.2,25.7,27.7,22.2,,,14993.0,10078.0,,,,
2015/3/25,,,,,,29.0,,,,,,
2015/3/23,23.7,25.2,27.2,21.7,,,14493.0,9578.0,,,,
2015/3/18,,,,,,30.0,,,,,,
2015/3/16,24.5,26.0,28.0,22.6,,,15393.0,10478.0,,,,
2015/3/9,25.2,26.7,28.7,23.3,,,16093.0,11178.0,,,,
2015/3/6,,,,,,,,,16192.0,17140.0,,
2015/3/2,25.0,26.5,28.5,23.1,,,15893.0,10978.0,,,,
2015/2/23,25.3,26.8,28.8,23.4,,,16193.0,11278.0,,,,
2015/2/17,,,,,,30.5,,,,,,
2015/2/16,24.5,26.0,28.0,22.5,,,15293.0,10378.0,,,,
2015/2/11,,,,,,29.5,,,,,,
2015/2/9,24.0,25.5,27.5,21.9,,,14693.0,9778.0,,,,
2015/2/6,,,,,,,,,17280.0,17677.0,,
2015/2/4,,,,,,28.5,,,,,,
2015/2/2,22.1,23.6,25.6,,,,,,,,,
2015/1/28,,,,,,28.0,,,,,,
2015/1/26,22.2,23.7,25.7,19.9,,,12693.0,7778.0,,,,
2015/1/21,,,,,,27.5,,,,,,
2015/1/19,22.1,23.6,25.6,19.8,,,12593.0,7678.0,,,,
2015/1/14,,,,,,28.0,,,,,,
2015/1/12,23.1,24.6,26.6,20.9,,,13693.0,8778.0,,,,
2015/1/7,,,,,,29.0,,,,,,
2015/1/6,,,,,,,,,19018.0,19913.0,,
2015/1/5,24.3,25.8,27.8,22.3,,,15093.0,10178.0,,,,
2014/12/29,25.0,26.5,28.5,23.0,,,15793.0,10878.0,,,,
2014/12/24,,,,,,29.5,,,,,,
2014/12/22,24.9,26.4,28.4,22.9,,,15693.0,10778.0,,,,
2014/12/17,,,,,,30.5,,,,,,
2014/12/15,25.9,27.4,29.4,24.0,,,16793.0,11878.0,,,,
2014/12/10,,,,,,32.5,,,,,,
2014/12/8,26.9,28.4,30.4,25.1,,,17893.0,12978.0,,,,
2014/12/6,,,,,,,,,20010.0,21532.0,,
2014/12/3,,,,,,34.5,,,,,,
2014/12/1,28.1,29.6,31.6,26.4,,,19193.0,14278.0,,,,
2014/11/24,28.3,29.8,31.8,26.7,,,19493.0,14578.0,,,,
2014/11/19,,,,,,35.5,,,,,,
2014/11/17,28.7,30.2,32.2,27.1,,,19893.0,14978.0,,,,
2014/11/10,29.2,30.7,32.7,27.7,,,20493.0,15578.0,,,,
2014/11/6,,,,,,,,,20837.0,22663.0,,
2014/11/3,,,,28.4,,,21193.0,16278.0,,,,
2014/10/27,29.8,31.3,33.3,28.3,,,21093.0,16178.0,,,,
2014/10/22,,,,,,36.0,,,,,,
2014/10/20,30.0,31.5,33.5,28.5,,,21293.0,16378.0,,,,
2014/10/15,,,,,,36.5,,,,,,
2014/10/13,30.9,32.4,34.4,29.5,,,22293.0,17378.0,,,,
2014/10/8,,,,,,37.4,,,,,,
2014/10/6,31.5,33.0,35.0,30.2,,,22993.0,18078.0,,,,
2014/10/1,,,,,,37.9,,,,,,
2014/9/29,31.7,33.2,35.2,30.4,,,23193.0,18278.0,,,,
2014/9/24,,,,,,38.3,,,,,,
2014/9/22,31.9,33.4,35.4,30.6,,,23393.0,18478.0,,,,
2014/9/17,,,,,,38.8,,,,,,
2014/9/15,32.0,33.5,35.5,30.7,,,23493.0,18578.0,,,,
2014/9/8,32.5,34.0,36.0,31.3,,,24093.0,19178.0,,,,
2014/9/3,,,,,,39.5,,,,,,
2014/9/1,32.7,34.2,36.2,31.4,,,24193.0,19278.0,,,,
2014/8/27,,,,,,40.0,,,,,,
2014/8/25,32.5,34.0,36.0,31.3,,,24093.0,19178.0,,,,
2014/8/20,,,,,,40.5,,,,,,
2014/8/18,32.8,34.3,36.3,31.6,,,24393.0,19478.0,,,,
2014/8/11,33.1,34.6,36.6,32.0,,,24793.0,19878.0,,,,
2014/8/4,33.4,34.9,36.9,32.3,,,25093.0,20178.0,,,,
2014/8/2,,,,,,,,,20993.0,22834.0,,
2014/7/28,33.5,35.0,37.0,32.4,,,25193.0,20278.0,,,,
2014/7/21,33.4,34.9,36.9,32.2,,,24993.0,20078.0,,,,
2014/7/16,,,,,,41.0,,,,,,
2014/7/14,33.6,35.1,37.1,32.5,,,25293.0,20378.0,,,,
2014/7/9,,,,,,41.5,,,,,,
2014/7/7,34.0,35.5,37.5,33.0,,,25793.0,20878.0,,,,
2014/7/2,,,,,,,,,21618.0,23334.0,,
2014/6/30,34.4,35.9,37.9,33.4,,,26193.0,21278.0,,,,
2014/6/25,,,,,,42.5,,,,,,
2014/6/23,34.5,36.0,38.0,33.5,,,26293.0,21378.0,,,,
2014/6/18,,,,,,41.5,,,,,,
2014/6/16,33.9,35.4,37.4,32.8,,,25593.0,20678.0,,,,
2014/6/9,33.7,35.2,37.2,32.5,,,25293.0,20378.0,,,,
2014/6/4,,,,,,39.0,,,,,,
2014/6/2,33.9,35.4,37.4,32.8,,,25593.0,20678.0,21268.0,23012.0,,
2014/5/26,34.0,35.5,37.5,32.9,,,25693.0,20778.0,,,,
2014/5/19,33.8,35.3,37.3,32.7,,,25493.0,20578.0,,,,
2014/5/12,33.5,35.0,37.0,32.4,,,25193.0,20278.0,,,,
2014/5/7,,,,,,41.0,,,,,,
2014/5/5,33.7,35.2,37.2,32.6,,,25393.0,20478.0,,,,
2014/5/2,,,,,,,,,21021.0,22779.0,,
2014/4/28,33.9,35.4,37.4,32.8,,,25593.0,20678.0,,,,
2014/4/23,,,,,,41.5,,,,,,
2014/4/21,33.8,35.3,37.3,32.7,,,25493.0,20578.0,,,,
2014/4/7,33.4,34.9,36.9,32.2,,,24993.0,20078.0,,,,
2014/4/2,,,,,,41.0,,,21408.0,23104.0,,
2014/3/31,33.7,35.2,37.2,32.6,,,25393.0,20478.0,,,,
2014/3/26,,,,,,40.7,,,,,,
2014/3/24,,,,32.4,,,25193.0,20278.0,,,,
2014/3/19,,,,,,41.0,,,,,,
2014/3/17,33.6,35.1,37.1,32.5,,,25293.0,20378.0,,,,
2014/3/12,,,,,,41.5,,,,,,
2014/3/10,,,,32.7,,,25493.0,20578.0,,,,
2014/3/3,33.9,35.4,37.4,,,,,,,,,
2014/3/2,,,,,,,,,21646.0,23259.0,,
2014/2/26,,,,,,42.0,,,,,,
2014/2/24,34.0,35.5,37.5,32.9,,,25693.0,20778.0,,,,
2014/2/17,33.8,35.3,37.3,32.7,,,25493.0,20578.0,,,,
2014/2/10,33.4,34.9,36.9,32.3,,,25093.0,20178.0,,,,
2014/2/7,,,,,,,,,21590.0,23222.0,,
2014/1/27,33.7,35.2,37.2,32.6,,,25393.0,20478.0,,,,
2014/1/20,33.4,34.9,36.9,32.2,,,24993.0,20078.0,,,,
2014/1/15,,,,,,41.0,,,,,,
2014/1/13,33.5,35.0,37.0,32.4,,,25193.0,20278.0,,,,
2014/1/8,,,,,,41.6,,,,,,
2014/1/6,33.9,35.4,37.4,32.8,,,25593.0,20678.0,,,,
2014/1/2,,,,,,,,,21328.0,23076.0,,
2014/1/1,,,,,,42.3,,,,,,
2013/12/30,34.3,35.8,37.8,33.2,,,25993.0,21078.0,,,,
2013/12/25,,,,,,41.8,,,,,,
2013/12/23,33.8,35.3,37.3,32.7,,,25493.0,20578.0,,,,
2013/12/18,,,,,,42.0,,,,,,
2013/12/16,33.6,35.1,37.1,32.5,,,25293.0,20378.0,,,,
2013/12/11,,,,,,42.5,,,,,,
2013/12/9,,,,32.9,,,25693.0,20778.0,,,,
2013/12/4,,,,,,42.0,,,,,,
2013/12/2,33.9,35.4,37.4,32.8,,,25593.0,20678.0,20852.0,22539.0,,
2013/11/25,33.5,35.0,37.0,32.3,,,25093.0,20178.0,,,,
2013/11/18,33.2,34.7,36.7,32.0,,,24793.0,19878.0,,,,
2013/11/13,,,,,,41.5,,,,,,
2013/11/11,32.9,34.4,36.4,31.7,,,24493.0,19578.0,,,,
2013/11/2,,,,,,,,,21168.0,22842.0,,
2013/10/30,,,,,,42.0,,,,,,
2013/10/28,33.4,34.9,36.9,32.2,,,24993.0,20078.0,,,,
2013/10/23,,,,,,42.5,,,,,,
2013/10/16,,,,,,42.0,,,,,,
2013/10/14,33.6,35.1,37.1,32.4,,,25193.0,20278.0,,,,
2013/10/7,33.3,34.8,36.8,32.2,,,24993.0,20078.0,,,,
2013/10/2,,,,,,41.5,,,21162.0,23108.0,,
2013/9/30,33.5,35.0,37.0,32.4,,,25193.0,20278.0,,,,
2013/9/25,,,,,,42.0,,,,,,
2013/9/23,33.9,35.4,37.4,32.8,,,25593.0,20678.0,,,,
2013/9/18,,,,,,42.5,,,,,,
2013/9/16,34.2,35.7,37.7,33.2,,,25993.0,21078.0,,,,
2013/9/9,34.5,36.0,38.0,33.5,,,26293.0,21378.0,,,,
2013/9/4,,,,,,43.0,,,,,,
2013/9/2,34.7,36.2,38.2,33.6,,,26393.0,21478.0,21202.0,22928.0,,
2013/8/26,34.0,35.5,37.5,32.9,,,25693.0,20778.0,,,,
2013/8/21,,,,,,42.0,,,,,,
2013/8/19,33.8,35.3,37.3,32.7,,,25493.0,20578.0,,,,
2013/8/12,33.5,35.0,37.0,32.3,,,25093.0,20178.0,,,,
2013/8/5,33.6,35.1,37.1,,,,,,,,,
2013/8/2,,,,,,,,,21158.0,22720.0,,
2013/7/22,33.5,35.0,37.0,32.4,,,25193.0,20278.0,,,,
2013/7/17,,,,,,41.5,,,,,,
2013/7/15,33.4,34.9,36.9,32.2,,,24993.0,20078.0,,,,
2013/7/10,,,,,,41.0,,,,,,
2013/7/8,32.9,34.4,36.4,31.7,,,24493.0,19578.0,,,,
2013/7/3,,,,,,40.5,,,,,,
2013/7/2,,,,,,,,,21780.0,23005.0,,
2013/7/1,32.5,34.0,36.0,31.3,,,24093.0,19178.0,,,,
2013/6/24,33.0,34.5,36.5,31.8,,,24593.0,19678.0,,,,
2013/6/19,,,,,,41.0,,,,,,
2013/6/17,32.8,34.3,36.3,31.5,,,24293.0,19378.0,,,,
2013/6/10,,,,31.2,,,23993.0,19078.0,,,,
2013/6/3,32.5,34.0,36.0,31.3,,,24093.0,19178.0,,,,
2013/6/2,,,,,,,,,21102.0,22462.0,,
2013/5/20,,,,31.4,,,24193.0,19278.0,,,,
2013/5/15,,,,,,40.5,,,,,,
2013/5/13,32.6,34.1,36.1,31.3,,,24093.0,19178.0,,,,
2013/5/2,,,,,,,,,21438.0,22863.0,,
2013/4/29,32.3,33.8,35.8,31.0,,,23793.0,18878.0,,,,
2013/4/24,,,,,,40.0,,,,,,
2013/4/22,32.0,33.5,35.5,30.7,,,23493.0,18578.0,,,,
2013/4/17,,,,,,40.5,,,,,,
2013/4/15,33.0,34.5,36.5,31.8,,,24593.0,19678.0,,,,
2013/4/8,33.6,35.1,37.1,,,,,,,,,
2013/4/2,,,,,,,,,22079.0,23539.0,,
2013/4/1,33.5,35.0,37.0,32.4,,,25193.0,20278.0,,,,
2013/3/25,33.3,34.8,36.8,32.2,,,24993.0,20078.0,,,,
2013/3/18,33.4,34.9,36.9,32.3,,,25093.0,20178.0,,,,
2013/3/13,,,,,,41.5,,,,,,
2013/3/11,33.5,35.0,37.0,32.4,,,25193.0,20278.0,,,,
2013/3/6,,,,,,42.0,,,,,,
2013/3/4,33.9,35.4,37.4,32.8,,,25593.0,20678.0,,,,
2013/3/2,,,,,,,,,22479.0,24078.0,,
2013/2/27,,,,,,43.0,,,,,,
2013/2/25,34.5,36.0,38.0,33.5,,,26293.0,21378.0,,,,
2013/2/20,,,,,,44.0,,,,,,
2013/2/18,34.9,36.4,38.4,33.8,,,26593.0,21678.0,,,,
2013/2/11,34.6,36.1,38.1,33.6,,,26393.0,21478.0,,,,
2013/2/6,,,,,,42.5,,,,,,
2013/2/4,34.2,35.7,37.7,33.1,,,25893.0,20978.0,,,,
2013/2/2,,,,,,,,,21518.0,23066.0,,
2013/1/28,33.6,35.1,37.1,32.5,,,25293.0,20378.0,,,,
2013/1/21,33.3,34.8,36.8,32.2,,,24993.0,20078.0,,,,
2013/1/7,33.5,35.0,37.0,32.3,,,25093.0,20178.0,,,,
2013/1/2,,,,,,,,,20748.0,22465.0,,
2012/12/31,33.3,34.8,36.8,32.1,,,24893.0,19978.0,,,,
2012/12/26,,,,,,41.5,,,,,,
2012/12/24,33.2,34.7,36.7,32.0,,,24793.0,19878.0,,,,
2012/12/19,,,,,,41.0,,,,,,
2012/12/17,32.9,34.4,36.4,31.8,,,24593.0,19678.0,,,,
2012/12/10,33.2,34.7,36.7,32.0,,,24793.0,19878.0,,,,
2012/12/3,33.5,35.0,37.0,32.3,,,25093.0,20178.0,,,,
2012/12/2,,,,,,,,,20874.0,22559.0,,
2012/11/26,33.6,35.1,37.1,32.4,,,25193.0,20278.0,,,,
2012/11/19,33.2,34.7,36.7,32.0,,,24793.0,19878.0,,,,
2012/11/14,,,,,,42.0,,,,,,
2012/11/12,33.0,34.5,36.5,31.8,,,24593.0,19678.0,,,,
2012/11/5,33.3,34.8,36.8,32.1,,,24893.0,19978.0,,,,
2012/11/2,,,,,,,,,22193.0,23676.0,,
2012/10/31,,,,,,42.5,,,,,,
2012/10/29,33.4,34.9,36.9,32.2,,,24993.0,20078.0,,,,
2012/10/22,34.0,35.5,37.5,32.9,,,25693.0,20778.0,,,,
2012/10/15,34.1,35.6,37.6,33.0,,,25793.0,20878.0,,,,
2012/10/2,,,,,,,,,23569.0,24858.0,,
2012/10/1,33.7,35.2,37.2,32.6,,,25393.0,20478.0,,,,
2012/9/26,,,,,,43.0,,,,,,
2012/9/24,34.0,35.5,37.5,32.9,,,25693.0,20778.0,,,,
2012/9/17,34.8,36.3,38.3,33.8,,,26593.0,21678.0,,,,
2012/9/10,34.7,36.2,38.2,33.6,,,26393.0,21478.0,,,,
2012/9/3,34.5,36.0,38.0,33.4,,,26193.0,21278.0,,,,
2012/9/2,,,,,,,,,23472.0,24566.0,,
2012/8/27,34.8,36.3,38.3,33.8,,,26593.0,21678.0,,,,
2012/8/22,,,,,,43.5,,,,,,
2012/8/20,34.5,36.0,38.0,33.4,,,26193.0,21278.0,,,,
2012/8/15,,,,,,42.5,,,,,,
2012/8/13,33.9,35.4,37.4,32.8,,,25593.0,20678.0,,,,
2012/8/8,,,,,,41.5,,,,,,
2012/8/6,33.1,34.6,36.6,31.9,,,24693.0,19778.0,,,,
2012/8/2,,,,,,,,,21708.0,22704.0,,
2012/7/30,32.8,34.3,36.3,31.6,,,24393.0,19478.0,,,,
2012/7/25,,,,,,41.0,,,,,,
2012/7/23,32.9,34.4,36.4,31.7,,,24493.0,19578.0,,,,
2012/7/16,32.0,33.5,35.5,30.7,,,23493.0,18578.0,,,,
2012/7/11,,,,,,40.0,,,,,,
2012/7/9,31.8,33.3,35.3,30.5,,,23293.0,18378.0,,,,
2012/7/2,30.8,32.3,34.3,29.4,,,22193.0,17278.0,20823.0,22032.0,,
2012/6/27,,,,,,39.0,,,,,,
2012/6/25,31.0,32.5,34.5,29.6,,,22393.0,17478.0,,,,
2012/6/18,31.4,32.9,34.9,30.3,,,23093.0,18178.0,,,,
2012/6/13,,,,,,39.5,,,,,,
2012/6/11,31.5,33.0,35.0,30.4,,,23193.0,18278.0,,,,
2012/6/6,,,,,,40.0,,,,,,
2012/6/4,32.0,33.5,35.5,31.0,,,23793.0,18878.0,,,,
2012/6/2,,,,,,,,,22259.0,23452.0,,
2012/5/28,32.2,33.7,35.7,31.2,,,23993.0,19078.0,,,,
2012/5/21,32.5,34.0,36.0,31.5,,,24293.0,19378.0,,,,
2012/5/16,,,,,,41.0,,,,,,
2012/5/14,32.6,34.1,36.1,31.7,,,24493.0,19578.0,,,,
2012/5/7,33.1,34.6,36.6,32.2,,,24993.0,20078.0,,,,
2012/5/2,,,,,,,,,23200.0,24371.0,,
2012/4/30,33.2,34.7,36.7,32.3,,,25093.0,20178.0,,,,
2012/4/23,33.3,34.8,36.8,32.4,,,25193.0,20278.0,,,,
2012/4/18,,,,,,42.0,,,,,,
2012/4/16,33.6,35.1,37.1,32.7,,,25493.0,20578.0,,,,
2012/4/9,33.9,35.4,37.4,33.0,,,25793.0,20878.0,,,,
2012/4/2,34.0,35.5,37.5,33.1,,,25893.0,20978.0,23527.0,23757.0,,
2012/3/26,31.7,32.4,33.9,29.9,,,22693.0,17778.0,,,,
2012/3/19,31.8,32.5,34.0,30.0,,,22793.0,17878.0,,,,
2012/3/12,31.7,32.4,33.9,29.9,,,22693.0,17778.0,,,,
2012/3/5,31.6,32.3,33.8,29.8,,,22593.0,17678.0,,,,
2012/3/2,,,,,,,,,21087.0,21812.0,,
2012/3/1,,,,,,43.0,,,,,,
2012/2/27,31.5,32.2,33.7,29.7,,,22493.0,17578.0,,,,
2012/2/22,,,,,,42.0,,,,,,
2012/2/20,31.2,31.9,33.4,29.4,,,22193.0,17278.0,,,,
2012/2/13,31.0,31.7,33.2,29.1,,,21893.0,16978.0,,,,
2012/2/6,,,,28.7,,,21493.0,16578.0,,,,
2012/2/2,,,,,,,,,21131.0,21758.0,,
2012/1/2,,,,,,,,,20313.0,21244.0,,
2011/12/21,,,,,,41.5,,,,,,
2011/12/19,30.6,31.3,32.8,28.8,,,21593.0,16678.0,,,,
2011/12/12,30.9,31.6,33.1,29.1,,,21893.0,16978.0,,,,
2011/12/5,31.0,31.7,33.2,29.2,,,21993.0,17078.0,,,,
2011/12/2,,,,,,,,,20653.0,21562.0,,
2011/11/28,30.9,31.6,33.1,29.1,,,21893.0,16978.0,,,,
2011/11/21,31.2,31.9,33.4,29.4,,,22193.0,17278.0,,,,
2011/11/16,,,,,,42.5,,,,,,
2011/11/14,31.3,32.0,33.5,29.5,,,22293.0,17378.0,,,,
2011/11/7,30.9,31.6,33.1,29.0,,,21793.0,16878.0,,,,
2011/11/2,,,,,,,,,20121.0,21102.0,,
2011/10/26,,,,,,42.0,,,,,,
2011/10/24,31.1,31.8,33.3,29.2,,,21993.0,17078.0,,,,
2011/10/17,31.0,31.7,33.2,29.1,,,21893.0,16978.0,,,,
2011/10/10,30.6,31.3,32.8,28.6,,,21393.0,16478.0,,,,
2011/10/3,30.9,31.6,33.1,28.9,,,21693.0,16778.0,,,,
2011/10/2,,,,,,,,,19859.0,20975.0,,
2011/9/7,,,,,,41.0,,,,,,
2011/9/5,31.2,31.9,33.4,29.2,,,21993.0,17078.0,,,,
2011/9/2,,,,,,,,,19539.0,20714.0,,
2011/8/29,30.9,31.6,33.1,28.9,,,21693.0,16778.0,,,,
2011/8/22,30.8,31.5,33.0,28.8,,,21593.0,16678.0,,,,
2011/8/15,30.6,31.3,32.8,28.6,,,21393.0,16478.0,,,,
2011/8/10,,,,,,40.5,,,,,,
2011/8/8,31.2,31.9,33.4,29.2,,,21993.0,17078.0,,,,
2011/8/2,,,,,,,,,19765.0,20946.0,,
2011/7/27,,,,,,41.5,,,,,,
2011/7/25,,,,29.6,,,22393.0,17478.0,,,,
2011/7/18,31.5,32.2,33.7,29.5,,,22293.0,17378.0,,,,
2011/7/13,,,,,,41.0,,,,,,
2011/7/11,31.2,31.9,33.4,29.2,,,21993.0,17078.0,,,,
2011/7/4,30.9,31.6,33.1,28.9,,,21693.0,16778.0,,,,
2011/7/2,,,,,,,,,19572.0,20867.0,,
2011/6/29,,,,,,40.0,,,,,,
2011/6/27,31.1,31.8,33.3,29.1,,,21893.0,16978.0,,,,
2011/6/13,31.6,32.3,33.8,29.6,,,22393.0,17478.0,,,,
2011/6/6,31.5,32.2,33.7,29.5,,,22293.0,17378.0,,,,
2011/6/2,,,,,,,,,19391.0,20836.0,,
2011/5/30,,,,29.4,,,22193.0,17278.0,,,,
2011/5/23,31.4,32.1,33.6,29.3,,,22093.0,17178.0,,,,
2011/5/18,,,,,,41.5,,,,,,
2011/5/16,31.5,32.2,33.7,29.5,,,22293.0,17378.0,,,,
2011/5/11,,,,,,42.5,,,,,,
2011/5/9,31.9,32.6,34.1,29.9,,,22693.0,17778.0,,,,
2011/5/2,32.5,33.2,34.7,30.5,,,23293.0,18378.0,20050.0,21445.0,,
2011/4/25,32.4,33.1,34.6,30.4,,,23193.0,18278.0,,,,
2011/4/18,32.5,33.2,34.7,30.5,,,23293.0,18378.0,,,,
2011/4/13,,,,,,43.5,,,,,,
2011/4/11,32.4,33.1,34.6,30.4,,,23193.0,18278.0,,,,
2011/4/7,,,,,,43.0,,,,,,
2011/4/4,32.0,32.7,34.2,,,,,,,,,
2011/4/2,,,,,,,,,19605.0,21015.0,,
2011/3/28,32.1,32.8,34.3,30.0,,,22793.0,17878.0,,,,
2011/3/21,31.9,32.6,34.1,29.8,,,22593.0,17678.0,,,,
2011/3/9,,,,,,42.5,,,,,,
2011/3/7,32.1,32.8,34.3,30.0,,,22793.0,17878.0,,,,
2011/3/2,,,,,,42.0,,,18953.0,20205.0,,
2011/2/28,31.8,32.5,34.0,29.7,,,22493.0,17578.0,,,,
2011/2/23,,,,,,40.0,,,,,,
2011/2/21,31.1,31.8,33.3,28.9,,,21693.0,16778.0,,,,
2011/2/16,,,,,,39.5,,,,,,
2011/1/31,30.8,31.5,33.0,28.6,,,21393.0,16478.0,,,,
2011/1/17,31.0,31.7,33.2,28.8,,,21593.0,16678.0,,,,
2011/1/10,30.9,31.6,33.1,28.7,,,21493.0,16578.0,,,,
2011/1/2,,,,,,,,,18248.0,19541.0,,
2010/12/27,30.8,31.5,33.0,28.6,,,21393.0,16478.0,,,,
2010/12/20,30.6,31.3,32.8,28.4,,,21193.0,16278.0,,,,
2010/12/15,,,,,,39.0,,,,,,
2010/12/13,30.5,31.2,32.7,28.3,,,21093.0,16178.0,,,,
2010/12/8,,,,,,38.5,,,,,,
2010/12/6,30.1,30.8,32.3,27.9,,,20693.0,15778.0,,,,
2010/12/2,,,,,,,,,17778.0,19044.0,,
2010/11/29,29.8,30.5,32.0,27.5,,,20293.0,15378.0,,,,
2010/11/24,,,,,,37.5,,,,,,
2010/11/22,29.9,30.6,32.1,27.6,,,20393.0,15478.0,,,,
2010/11/17,,,,,,38.0,,,,,,
2010/11/15,30.3,31.0,32.5,28.1,,,20893.0,15978.0,,,,
2010/11/10,,,,,,37.5,,,,,,
2010/11/8,29.8,30.5,32.0,27.6,,,20393.0,15478.0,,,,
2010/11/2,,,,,,,,,17201.0,18479.0,,
2010/11/1,29.4,30.1,31.6,27.1,,,19893.0,14978.0,,,,
2010/10/27,,,,,,37.0,,,,,,
2010/10/25,29.3,30.0,31.5,27.0,,,19793.0,14878.0,,,,
2010/10/18,29.6,30.3,31.8,27.3,,,20093.0,15178.0,,,,
2010/10/11,29.7,30.4,31.9,27.4,,,20193.0,15278.0,,,,
2010/10/6,,,,,,37.5,,,,,,
2010/10/4,,,,26.7,,,19493.0,14578.0,,,,
2010/10/2,,,,,,,,,16575.0,17803.0,,
2010/9/27,29.0,29.7,31.2,26.6,,,19393.0,14478.0,,,,
2010/9/15,,,,,,37.0,,,,,,
2010/9/13,28.8,29.5,31.0,26.4,,,19193.0,14278.0,,,,
2010/9/6,28.6,29.3,30.8,26.2,,,18993.0,14078.0,,,,
2010/9/2,,,,,,,,,16943.0,18135.0,,
2010/8/30,28.2,28.9,30.4,25.7,,,18493.0,13578.0,,,,
2010/8/23,28.5,29.2,30.7,26.1,,,18893.0,13978.0,,,,
2010/8/18,,,,,,36.5,,,,,,
2010/8/16,29.0,29.7,31.2,26.6,,,19393.0,14478.0,,,,
2010/8/11,,,,,,37.5,,,,,,
2010/8/9,29.6,30.3,31.8,27.2,,,19993.0,15078.0,,,,
2010/8/2,28.8,29.5,31.0,26.4,,,19193.0,14278.0,16758.0,17907.0,,
2010/7/19,28.7,29.4,30.9,26.3,,,19093.0,14178.0,,,,
2010/7/14,,,,,,36.5,,,,,,
2010/7/12,28.2,28.9,30.4,25.7,,,18493.0,13578.0,,,,
2010/7/7,,,,,,35.5,,,,,,
2010/7/5,28.6,29.3,30.8,26.2,,,18993.0,14078.0,,,,
2010/7/2,,,,,,,,,16473.0,17705.0,,
2010/6/28,,,,26.6,,,19393.0,14478.0,,,,
2010/6/23,,,,,,36.5,,,,,,
2010/6/21,29.0,29.7,31.2,26.7,,,19493.0,14578.0,,,,
2010/6/14,28.5,29.2,30.7,26.1,,,18893.0,13978.0,,,,
2010/6/7,28.6,29.3,30.8,26.2,,,18993.0,14078.0,,,,
2010/6/2,,,,,,,,,17181.0,18493.0,,
2010/5/31,27.9,28.6,30.1,25.4,,,18193.0,13278.0,,,,
2010/5/26,,,,,,35.5,,,,,,
2010/5/24,28.4,29.1,30.6,25.9,,,18693.0,13778.0,,,,
2010/5/19,,,,,,37.0,,,,,,
2010/5/17,29.5,30.2,31.7,27.3,,,20093.0,15178.0,,,,
2010/5/10,29.8,30.5,32.0,27.6,,,20393.0,15478.0,,,,
2010/5/3,30.0,30.7,32.2,27.8,,,20593.0,15678.0,,,,
2010/5/2,,,,,,,,,17808.0,18935.0,,
2010/4/21,,,,,,38.0,,,,,,
2010/4/19,29.8,30.5,32.0,,,,,,,,,
2010/4/12,29.7,30.4,31.9,27.5,,,20293.0,15378.0,,,,
2010/4/5,29.0,29.7,31.2,26.6,,,19393.0,14478.0,,,,
2010/4/2,,,,,,,,,16727.0,17875.0,,
2010/3/15,28.7,29.4,30.9,26.3,,,19093.0,14178.0,,,,
2010/3/10,,,,,,37.0,,,,,,
2010/3/8,28.5,29.2,30.7,26.1,,,18893.0,13978.0,,,,
2010/3/2,,,,,,,,,16503.0,17625.0,,
2010/3/1,28.1,28.8,30.3,25.7,,,18493.0,13578.0,,,,
2010/2/13,27.9,28.6,30.1,25.5,,,18293.0,13378.0,,,,
2010/2/10,28.6,29.3,30.8,26.1,,,18893.0,13978.0,,,,
2010/2/9,29.0,29.7,31.2,26.5,,,19293.0,14378.0,,,,
2010/2/8,29.1,29.8,31.3,26.6,,,19393.0,14478.0,,,,
2010/2/2,,,,,,,,,16535.0,18114.0,,
2010/2/1,28.8,29.5,31.0,26.3,,,19093.0,14178.0,,,,
2010/1/25,29.5,30.2,31.7,27.0,,,19793.0,14878.0,,,,
2010/1/11,30.1,30.8,32.3,27.7,,,20493.0,15578.0,,,,
2010/1/2,30.0,30.7,32.2,27.6,,,20393.0,15478.0,16257.0,17832.0,,
2009/12/26,29.2,29.9,31.4,26.8,,,19593.0,14678.0,,,,
2009/12/19,29.1,29.8,31.3,26.6,,,19393.0,14478.0,,,,
2009/12/16,,,,,,36.5,,,,,,
2009/12/12,29.8,30.5,32.0,27.4,,,20193.0,15278.0,,,,
2009/12/5,30.3,31.0,32.5,27.9,,,20693.0,15778.0,,,,
2009/12/2,,,,,,,,,16443.0,18031.0,,
2009/11/28,30.0,30.7,32.2,27.6,,,20393.0,15478.0,,,,
2009/11/21,30.1,30.8,32.3,27.7,,,20493.0,15578.0,,,,
2009/11/14,30.2,30.9,32.4,27.8,,,20593.0,15678.0,,,,
2009/11/7,30.1,30.8,32.3,27.6,,,20393.0,15478.0,,,,
2009/11/2,,,,,,,,,15316.0,16767.0,,
2009/10/31,29.5,30.2,31.7,26.6,,,19393.0,14478.0,,,,
2009/10/28,,,,,,37.0,,,,,,
2009/10/24,29.7,30.4,31.9,26.7,,,19493.0,14578.0,,,,
2009/10/21,,,,,,35.5,,,,,,
2009/10/17,28.8,29.5,31.0,26.3,,,19093.0,14178.0,,,,
2009/10/14,,,,,,34.0,,,,,,
2009/10/10,28.1,28.8,30.3,25.5,,,18293.0,13378.0,,,,
2009/10/7,,,,,,33.5,,,,,,
2009/10/3,27.6,28.3,29.8,25.0,,,17793.0,12878.0,,,,
2009/10/2,,,,,,,,,14903.0,16496.0,,
2009/9/26,,,,25.7,,,18493.0,13578.0,,,,
2009/9/12,28.3,29.0,30.5,25.8,,,18593.0,13678.0,,,,
2009/9/9,,,,,,34.5,,,,,,
2009/9/5,28.6,29.3,30.8,26.1,,,18893.0,13978.0,,,,
2009/9/2,,,,,,,,,15039.0,16574.0,,
2009/8/29,29.0,29.7,31.2,26.5,,,19293.0,14378.0,,,,
2009/8/22,28.7,29.4,30.9,26.2,,,18993.0,14078.0,,,,
2009/8/12,,,,,,35.5,,,,,,
2009/8/5,,,,,,34.5,,,,,,
2009/8/2,,,,,,,,,14653.0,16065.0,,
2009/8/1,28.3,29.0,30.5,25.7,,,18493.0,13578.0,,,,
2009/7/29,,,,,,34.0,,,,,,
2009/7/25,27.6,28.3,29.8,25.0,,,17793.0,12878.0,,,,
2009/7/18,27.0,27.7,29.2,24.3,,,17093.0,12178.0,,,,
2009/7/15,,,,,,33.0,,,,,,
2009/7/11,27.4,28.1,29.6,24.8,,,17593.0,12678.0,,,,
2009/7/4,28.6,29.3,30.8,26.1,,,18893.0,13978.0,,,,
2009/7/2,,,,,,,,,13986.0,15381.0,,
2009/7/1,,,,,,34.5,,,,,,
2009/6/27,28.3,29.0,30.5,25.5,,,18293.0,13378.0,,,,
2009/6/20,28.0,28.7,30.2,25.0,,,17793.0,12878.0,,,,
2009/6/17,,,,,,35.0,,,,,,
2009/6/13,27.3,28.0,29.5,24.1,,,16893.0,11978.0,,,,
2009/6/10,,,,,,33.5,,,,,,
2009/6/6,27.0,27.7,29.2,23.9,,,16693.0,11778.0,,,,
2009/6/3,,,,,,31.5,,,,,,
2009/6/2,,,,,,,,,11818.0,13370.0,,
2009/5/30,26.5,27.2,28.7,23.6,,,16393.0,11478.0,,,,
2009/5/27,,,,,,31.0,,,,,,
2009/5/23,26.1,26.8,28.3,23.4,,,16193.0,11278.0,,,,
2009/5/20,,,,,,30.5,,,,,,
2009/5/16,26.0,26.7,28.2,23.2,,,15993.0,11078.0,,,,
2009/5/13,,,,,,30.0,,,,,,
2009/5/9,25.4,26.1,27.6,22.6,,,15393.0,10478.0,,,,
2009/5/2,24.5,25.2,26.7,21.6,,,14393.0,9478.0,11009.0,12888.0,,
2009/4/25,24.6,25.3,26.8,21.7,,,14493.0,9578.0,,,,
2009/4/18,24.9,25.6,27.1,22.2,,,14993.0,10078.0,,,,
2009/4/11,24.8,25.5,27.0,22.1,,,14893.0,9978.0,,,,
2009/4/9,,,,,,29.5,,,,,,
2009/4/4,24.2,24.9,26.4,21.4,,,14193.0,9278.0,,,,
2009/4/2,,,,,,30.0,,,9976.0,11375.0,,
2009/3/28,24.4,25.1,26.6,21.7,,,14493.0,9578.0,,,,
2009/3/26,,,,,,29.0,,,,,,
2009/3/21,23.3,24.0,25.5,20.5,,,13293.0,8378.0,,,,
2009/3/19,,,,,,27.0,,,,,,
2009/3/14,23.0,23.7,25.2,20.2,,,12993.0,8078.0,,,,
2009/3/7,23.1,23.8,25.3,20.3,,,13093.0,8178.0,,,,
2009/3/2,,,,,,,,,10414.0,11457.0,,
2009/2/26,,,,,,27.5,,,,,,
2009/2/21,22.6,23.3,24.8,19.7,,,12493.0,7578.0,,,,
2009/2/19,,,,,,28.0,,,,,,
2009/2/14,22.8,23.5,25.0,20.0,,,12793.0,7878.0,,,,
2009/2/12,,,,,,28.5,,,,,,
2009/2/7,22.4,23.1,24.6,19.5,,,12293.0,7378.0,9702.0,11043.0,,
2009/1/24,22.1,22.8,24.3,,,,,,,,,
2009/1/22,,,,,,29.5,,,,,,
2009/1/17,,,,19.3,,,12093.0,7178.0,,,,
2009/1/10,22.2,22.9,24.4,19.5,,,12293.0,7378.0,,,,
2009/1/8,,,,,,30.5,,,,,,
2009/1/3,20.3,21.0,22.5,17.0,,,9793.0,4878.0,,,,
2009/1/2,,,,,,,,,9029.0,10034.0,,
2008/12/27,20.4,21.1,22.6,17.1,,,9893.0,4978.0,,,,
2008/12/20,20.8,21.5,23.0,17.5,,,10293.0,5378.0,,,,
2008/12/13,20.1,20.8,22.3,16.8,,,9593.0,4678.0,,,,
2008/12/11,,,,,,29.5,,,,,,
2008/12/6,20.5,21.2,22.7,17.2,,,9993.0,5078.0,,,,
2008/12/4,,,,,,31.5,,,,,,
2008/12/2,,,,,,,,,9595.0,11092.0,,
2008/11/29,20.6,21.3,22.8,17.3,,,10093.0,5178.0,,,,
2008/11/22,20.7,21.4,22.9,17.4,,,10193.0,5278.0,,,,
2008/11/20,,,,,,34.5,,,,,,
2008/11/15,21.7,22.4,23.9,18.5,,,11293.0,6378.0,,,,
2008/11/13,,,,,,36.5,,,,,,
2008/11/8,,,,19.9,,,12693.0,7778.0,,,,
2008/11/2,,,,,,,,,15397.0,16717.0,,
2008/11/1,23.0,23.7,25.2,20.0,,,12793.0,7878.0,,,,
2008/10/30,,,,,,37.5,,,,,,
2008/10/25,23.8,24.5,26.0,20.8,,,13593.0,8678.0,,,,
2008/10/23,,,,,,38.5,,,,,,
2008/10/18,25.2,25.9,27.4,22.3,,,15093.0,10178.0,,,,
2008/10/16,,,,,,40.5,,,,,,
2008/10/11,27.2,27.9,29.4,24.5,,,17293.0,12378.0,,,,
2008/10/9,,,,,,41.5,,,,,,
2008/10/4,29.5,30.2,31.7,27.0,,,19793.0,14878.0,,,,
2008/10/2,,,,,,43.5,,,19913.0,20976.0,,
2008/9/27,30.1,30.8,32.3,27.7,,,20493.0,15578.0,,,,
2008/9/25,,,,,,45.5,,,,,,
2008/9/20,29.0,29.7,31.2,26.4,,,19193.0,14278.0,,,,
2008/9/18,,,,,,45.0,,,,,,
2008/9/13,30.6,31.3,32.8,28.2,,,20993.0,16078.0,,,,
2008/9/11,,,,,,47.0,,,,,,
2008/9/6,31.9,32.6,34.1,29.6,,,22393.0,17478.0,,,,
2008/9/4,,,,,,48.0,,,,,,
2008/8/30,32.8,33.5,35.0,30.6,,,23393.0,18478.0,,,,
2008/8/23,32.3,33.0,34.5,30.1,,,22893.0,17978.0,,,,
2008/8/21,,,,,,50.0,,,,,,
2008/8/16,32.5,33.2,34.7,30.3,,,23093.0,18178.0,,,,
2008/8/14,,,,,,51.0,,,,,,
2008/8/9,33.4,34.1,35.6,31.3,,,24093.0,19178.0,,,,
2008/8/8,,,,,,,,,20913.0,22333.0,,
2008/8/7,,,,,,52.5,,,,,,
2008/7/31,,,,,,53.7,,,,,,
2008/7/24,,,,,,54.7,,,,,,
2008/7/3,,,,,,55.7,,,,,,
2008/7/2,35.4,36.1,37.6,33.5,,,26293.0,21378.0,19413.0,20483.0,19053.0,
2008/6/12,,,,,,54.5,,,,,,
2008/6/5,,,,,,53.5,,,,,,
2008/5/29,,,,,,55.0,,,,,,
2008/5/28,33.9,34.6,36.1,31.9,,,24693.0,19778.0,18208.0,18928.0,17848.0,
2008/5/22,,,,,,52.5,,,,,,
2008/5/15,,,,,,51.0,,,,,,
2008/5/8,,,,,,46.5,,,,,,
2008/4/24,,,,,,46.0,,,,,,
2008/4/17,,,,,,45.0,,,,,,
2008/4/10,,,,,,44.5,,,,,,
2008/3/27,,,,,,42.0,,,,,,
2008/3/20,,,,,,44.0,,,,,,
2008/3/13,,,,,,43.0,,,,,,
2008/3/6,,,,,,41.0,,,,,,
2008/2/21,,,,,,40.0,,,,,,
2008/1/31,,,,,,38.5,,,,,,
2008/1/24,,,,,,38.0,,,,,,
2008/1/17,,,,,,39.0,,,,,,
2008/1/3,,,,,,40.0,,,,,,
2007/12/6,,,,,,39.0,,,,,,
2007/11/29,,,,,,40.5,,,,,,
2007/11/8,,,,,,39.5,,,,,,
2007/11/2,30.0,30.7,32.2,27.5,,,20293.0,15378.0,,,,
2007/11/1,,,,,,37.5,,,,,,
2007/10/18,,,,,,36.5,,,,,,
2007/10/2,29.1,29.8,31.3,26.6,,,19393.0,14696.0,,,,
2007/9/20,,,,,,35.5,,,,,,
2007/9/13,,,,,,34.5,,,,,,
2007/9/2,27.8,28.5,30.0,25.2,,,17993.0,13635.0,14708.0,15158.0,14348.0,
2007/8/15,28.4,29.1,30.6,25.9,,,18693.0,14165.0,,,,
2007/8/9,,,,,,33.5,,,,,,
2007/7/25,29.1,29.8,31.3,26.6,,,19393.0,14695.0,,,,
2007/7/18,29.0,29.7,31.2,26.4,,,19193.0,14543.0,,,,
2007/7/12,,,,,,34.0,,,,,,
2007/7/11,28.6,29.3,30.8,26.0,,,18793.0,14240.0,,,,
2007/7/4,28.3,29.0,30.5,25.8,,,18593.0,14088.0,,,,
2007/7/3,,,,,,,,,14029.0,14479.0,13669.0,
2007/6/21,,,,,,33.5,,,,,,
2007/6/20,27.9,28.6,30.1,25.3,,,18093.0,13709.0,,,,
2007/6/13,,,,24.6,,,17393.0,13179.0,,,,
2007/6/6,27.3,28.0,29.5,24.7,,,17493.0,13255.0,,,,
2007/5/30,27.1,27.8,29.3,24.4,,,17193.0,13028.0,,,,
2007/5/24,,,,,,33.0,,,,,,
2007/5/23,27.4,28.1,29.6,24.7,,,17493.0,13255.0,,,,
2007/5/17,,,,,,32.5,,,,,,
2007/5/16,26.6,27.3,28.8,23.8,,,16593.0,12573.0,,,,
2007/5/9,26.3,27.0,28.5,23.6,,,16393.0,12421.0,,,,
2007/5/3,,,,,,33.0,,,,,,
2007/5/2,,,,,,,,,13508.0,13958.0,13148.0,
2007/4/25,27.3,28.0,29.5,24.6,,,17393.0,13179.0,,,,
2007/4/18,26.8,27.5,29.0,24.0,,,16793.0,12724.0,,,,
2007/4/11,26.3,27.0,28.5,23.6,,,16393.0,12421.0,,,,
2007/4/4,27.3,28.0,29.5,24.6,,,17393.0,13179.0,,,,
2007/4/3,,,,,,32.5,,,12600.0,13050.0,12240.0,
2007/3/28,26.9,27.6,29.1,23.9,,,16693.0,12649.0,,,,
2007/3/21,25.6,26.3,27.8,22.4,,,15193.0,11512.0,,,,
2007/3/14,26.1,26.8,28.3,23.0,,,15793.0,11967.0,,,,
2007/3/13,,,,,,31.5,,,,,,
2007/3/7,26.3,27.0,28.5,23.2,,,15993.0,12119.0,,,,
2007/3/4,,,,,,,,,,,,
2007/3/2,,,,,,,,,12100.0,12550.0,11740.0,
2007/3/1,,,,,,31.0,,,,,,
2007/2/28,26.6,27.3,28.8,23.5,,,16293.0,12346.0,,,,
2007/2/14,25.8,26.5,28.0,22.7,,,15493.0,11740.0,,,,
2007/2/7,26.0,26.7,28.2,22.9,,,15693.0,11892.0,,,,
2007/2/5,,,,,,30.5,,,,,,
2007/2/2,,,,,,,,,12171.0,12621.0,11811.0,12336.0
2007/1/31,25.0,25.7,27.2,21.8,,,14593.0,11058.0,,,,
2007/1/24,24.4,25.1,26.6,21.1,,,13893.0,10528.0,,,,
2007/1/17,24.8,25.5,27.0,21.6,,,14393.0,10907.0,,,,
2007/1/16,,,,,,30.0,,,,,,
2007/1/10,25.4,26.1,27.6,22.3,,,15093.0,11437.0,,,,
2007/1/4,,,,,,31.0,,,,,,
2007/1/3,26.5,27.2,28.7,23.4,,,16193.0,12271.0,,,,
2007/1/1,,,,,,,,,,,,
2006/12/27,26.9,27.6,29.1,,,,,,,,,
2006/12/20,27.0,27.7,29.2,23.7,,,16493.0,12498.0,,,,
2006/12/13,26.7,27.4,28.9,23.5,,,16293.0,12346.0,,,,
2006/12/12,,,,,,31.5,,,,,,
2006/12/6,27.0,27.7,29.2,23.8,,,16593.0,12573.0,,,,
2006/12/1,,,,,,31.2,,,,,,
2006/11/29,26.5,27.2,28.7,23.3,,,16093.0,12194.0,,,,
2006/11/22,25.4,26.1,27.6,22.1,,,14893.0,11285.0,,,,
2006/11/15,26.0,26.7,28.2,22.7,,,15493.0,11739.0,,,,
2006/11/8,26.3,27.0,28.5,23.1,,,15893.0,12042.0,,,,
2006/11/1,25.9,26.6,28.1,22.6,,31.0,15393.0,11663.0,,,,
2006/10/25,25.6,26.3,27.8,22.3,,,15093.0,11436.0,,,,
2006/10/11,26.3,27.0,28.5,23.1,,,15893.0,12042.0,,,,
2006/9/29,,,,,,,16093.0,12194.0,,,,
2006/9/27,,,,,,32.0,,,,,,
2006/9/26,26.5,27.2,28.7,23.3,,,,,,,,
2006/9/19,,,,,,33.5,,,,,,
2006/9/14,27.4,28.1,29.6,24.2,,,16993.0,12876.0,,,,
2006/8/13,,,,,,,,,,,,
2006/8/9,,,,,,35.0,,,,,,
2006/7/7 下午 10:00:00,27.9,28.6,30.1,24.5,,,17293.0,13103.0,12450.0,12900.0,12090.0,12615.0
2006/6/5,,,,,,33.5,,,,,,
2006/4/25,,,,,,34.5,,,,,,
2006/4/19,26.9,27.6,29.1,23.5,28.0,,16293.0,12345.0,10450.0,10900.0,10090.0,10615.0
2006/4/13,,,,,,33.0,,,,,,
2006/4/6,,,,,,32.0,,,,,,
2006/3/9,,,,,,31.0,,,,,,
2006/2/14 下午 12:00:00,24.9,25.6,27.1,21.5,26.0,,14293.0,10830.0,9710.0,10160.0,9350.0,9875.0
2005/12/16,,,,,,30.3,,,,,,
2005/12/1,,,,,,28.8,,,,,,
2005/10/24 下午 12:00:00,23.9,24.6,26.1,,25.0,,,,,,,
2005/10/6,,,,,,30.8,,,,,,
2005/9/1,,,,,,28.1,,,,,,
2005/8/15,,,,,,26.1,,,,,,
2005/8/2 下午 06:00:00,24.7,25.4,26.9,20.5,25.8,,13626.0,10325.0,9250.0,9700.0,8890.0,9415.0
2005/8/1,,,,,,25.1,,,,,,
2005/6/15,,,,,,24.8,,,,,,
2005/5/31,,,,,,24.0,,,,,,
2005/5/17,,,,,,24.5,,,,,,
2005/4/8,,,,,,24.8,,,,,,
2005/3/15,,,,,,,,9188.0,,,,
2005/3/14,,,,,,23.8,,,,,,
2005/3/10 下午 05:00:00,23.2,23.9,25.4,19.0,24.3,,12126.0,9431.0,8650.0,9100.0,8290.0,8815.0
2005/3/3,,,,,,22.5,,,,,,
2005/2/21,,,,,,21.8,,,,,,
2005/1/21,,,,,,22.2,,,,,,
2005/1/14,,,,,,22.5,,,,,,
2005/1/13 下午 12:00:00,,,,,,,11126.0,8431.0,,,,
2005/1/8,,,,,,,11626.0,8931.0,,,,
2005/1/6,,,,,,,,,8350.0,8800.0,7990.0,8515.0
2004/12/30 下午 10:00:00,22.2,22.9,24.4,,23.3,,,,,,,
2004/12/15,,,,,,23.0,,,,,,
2004/12/8,,,,,,23.7,,,,,,
2004/11/11,,,,,,24.3,,,,,,
2004/10/6,,,,,,23.8,,,,,,
2004/9/23,,,,,,23.0,,,,,,
2004/9/22,22.5,23.2,24.7,18.0,23.6,,11876.0,9181.0,8550.0,9000.0,8190.0,8715.0
2004/9/16,,,,,,22.5,,,,,,
2004/9/2,,,,,,22.2,,,,,,
2004/8/23,,,,,,22.7,,,,,,
2004/8/10,,,,,,22.2,,,,,,
2004/8/3,,,,,,21.7,10876.0,8734.0,,,,
2004/7/23,,,,,,,10376.0,8234.0,,,,
2004/7/16,21.9,22.6,24.1,17.0,23.0,,,,,,,
2004/7/15,,,,,,,,,8350.0,8800.0,7990.0,8515.0
2004/7/14,,,,,,21.2,,,,,,
2004/7/13,,,,,,,9876.0,7734.0,,,,
2004/6/8,,,,,,20.4,,,,,,
2004/5/17,,,,,,19.7,,,,,,
2004/3/25,21.5,22.2,23.7,16.5,22.6,,9576.0,7434.0,8150.0,8600.0,7790.0,8315.0
2004/2/7,,,,,,,,,7950.0,8400.0,7590.0,8115.0
2004/1/17,,,,,,,9426.0,7284.0,,,,
2004/1/16,20.9,21.6,23.1,15.9,22.0,19.1,,,,,,
2004/1/9,,,,,,,8991.0,6849.0,,,,
2004/1/8,,,,,,18.3,,,,,,
2004/1/7,20.1,20.8,22.3,15.1,21.2,,,,,,,
2003/12/26,,,,,,,8696.0,6554.0,,,,
2003/12/19,,,,,,17.5,,,,,,
2003/12/17,19.6,20.3,21.8,14.9,20.7,,,,,,,
2003/12/11,,,,,,17.0,,,,,,
2003/12/5,,,,,,,8401.0,6259.0,,,,
2003/11/14,,,,,,16.7,,,,,,
2003/11/1,19.1,19.8,21.3,14.6,20.2,,,,,,,
2003/10/3,,,,,,,,,7750.0,8200.0,7390.0,7915.0
2003/9/29,,,,,,16.1,,,,,,
2003/9/20,19.6,20.3,21.8,14.8,20.7,,,,7850.0,8300.0,7490.0,8015.0
2003/8/16,,,,,,,8106.0,5964.0,,,,
2003/8/15,,,,,,16.5,,,,,,
2003/8/9,20.1,20.8,22.3,15.0,21.2,,,,,,,
2003/7/31,,,,,,,,,8050.0,8500.0,7690.0,8215.0
2003/7/10,,,,,,,,,8350.0,8800.0,7990.0,8515.0
2003/7/8,,,,14.2,,,7811.0,5669.0,,,,
2003/7/7,,,,,,16.4,,,,,,
2003/5/10,,,,,,,8960.0,,,,,
2003/4/19,,,,,,,,,7850.0,8300.0,7490.0,8015.0
2003/4/15,,,,,,17.4,,,,,,
2003/4/14 下午 10:00:00,19.1,19.8,21.3,15.4,20.2,,,,,,,
2003/4/9,,,,,,,9223.0,,,,,
2003/4/4,19.9,20.6,21.9,16.0,21.0,18.2,,,8250.0,8700.0,7890.0,8415.0
2003/3/25,,,,,,,9807.0,,,,,
2003/3/12,,,,,,19.4,,,,,,
2003/2/25,,,,,,,,,8850.0,9300.0,8390.0,8915.0
2003/2/22,20.9,21.6,22.9,16.5,22.0,,,,,,,
2003/2/20,,,,,,18.2,,,,,,
2003/2/12,,,,,,,10111.0,6474.0,,,,
2003/2/8,,,,,,17.6,9613.0,6155.0,,,,
2003/1/23,,,,,,17.0,,,,,,
2003/1/10,,,,,,16.5,,,,,,
2003/1/9,20.1,20.8,22.1,15.8,21.2,,10011.0,6410.0,8250.0,8700.0,7790.0,8315.0
2002/12/28,19.6,20.3,21.6,15.6,20.7,,9821.0,6288.0,,,,
2002/10/26,19.3,20.0,21.3,15.4,20.4,,9630.0,6166.0,8050.0,8502.0,7594.0,8115.0
2002/10/2,,,,,,16.1,,,,,,
2002/9/27,18.5,19.6,20.9,14.4,19.6,,8678.0,5557.0,,,,
2002/9/20,,,,,,,,,7850.0,8302.0,7394.0,7915.0
2002/8/23,,,,,,15.5,,,,,,
2002/8/20,18.1,19.2,20.5,13.8,19.2,15.0,8107.0,5191.0,7400.0,8002.0,6894.0,7615.0
2002/7/2,,,,,,,,,7220.0,7822.0,6714.0,
2002/6/1,17.1,18.2,19.5,13.3,18.2,,7616.0,4877.0,,,,
2002/4/10,18.1,19.2,20.5,13.8,18.6,,7916.0,5069.0,6820.0,7695.0,6414.0,7435.0
2001/12/15,,,,,,,,,6620.0,7495.0,6214.0,7235.0
2001/12/8,17.1,18.2,19.4,13.3,17.4,,7345.0,4703.0,,,,
2001/11/17,18.1,19.2,20.4,13.8,,,8011.0,5129.0,,,,
2001/11/8,,,,,,,,,6820.0,7695.0,6314.0,7335.0
2001/7/11,,,,,,,,,7140.0,8056.0,6610.0,7679.0
2001/7/4,,,,,,15.6,,,,,,
2001/6/29,18.4,19.5,20.7,14.1,18.4,,,,,,,
2001/5/15,,,,,,,,,7296.0,8232.0,6767.0,7861.0
2001/4/5,18.9,20.0,21.2,14.3,18.9,,8106.0,5190.0,7052.0,8061.0,6521.0,7689.0
2001/4/3,,,,,,15.8,,,,,,
2001/3/1,,,,,,,,,7288.0,8316.0,6768.0,7952.0
2001/2/20,,,,,,16.2,,,,,,
2001/2/1,,,,,,,,,7414.0,8404.0,6889.0,8037.0
2000/11/3,19.2,20.2,21.2,14.6,19.2,,8392.0,5373.0,,,,
2000/10/27,19.5,20.5,21.5,14.9,19.5,16.6,8678.0,5556.0,,,,
2000/10/20,,,,,,,,,7623.0,9217.0,7077.0,9004.0
2000/9/27,19.2,20.2,21.2,14.7,19.2,,8487.0,5434.0,,,,
2000/9/21,,,,,,16.2,,,,,,
2000/9/20,19.6,20.6,21.6,14.9,19.6,,8678.0,5556.0,,,,
2000/9/14,,,,,,,,,7235.0,8887.0,6690.0,8682.0
2000/8/2,18.3,19.3,20.3,14.3,18.3,15.2,8106.0,5190.0,6791.0,8887.0,6287.0,8682.0
2000/6/21,18.6,19.6,20.6,14.5,18.6,15.6,8297.0,5312.0,6860.0,8977.0,6351.0,8770.0
2000/5/17,,,,,,,,,6773.0,8864.0,6271.0,8659.0
2000/3/29,18.1,19.1,20.1,14.2,18.1,15.1,8011.0,5129.0,,,,
2000/3/28,,,,,,,,,6387.0,8487.0,5915.0,8291.0
2000/2/16,17.6,18.6,19.6,13.8,17.6,14.7,7630.0,4885.0,,,,
2000/2/15,,,,,,,,,5674.0,7536.0,5088.0,7126.0
1999/12/8,17.2,18.2,19.2,13.4,17.2,14.3,7249.0,4641.0,5439.0,7223.0,4878.0,6830.0
1999/11/10,16.8,17.8,18.8,13.0,16.8,13.9,6868.0,4397.0,5045.0,6827.0,4484.0,6434.0
1999/9/1,16.4,17.4,18.4,12.7,16.4,13.5,6582.0,4195.0,4872.0,6615.0,4311.0,6223.0
1999/8/11,16.4,17.4,18.4,12.7,16.4,13.5,6582.0,4195.0,4872.0,6615.0,4311.0,6223.0
1999/7/14,16.0,17.0,18.0,12.4,16.0,13.1,6297.0,3997.0,4703.0,6407.0,4142.0,6014.0
1999/5/12,15.6,16.6,,12.1,15.6,12.8,6011.0,3806.0,4545.0,6207.0,3984.0,5814.0
1999/4/7,15.3,16.3,,11.8,15.3,12.5,5725.0,3628.0,4407.0,6020.0,3846.0,5627.0
1999/1/6,15.0,16.0,,11.5,15.0,12.2,5440.0,3451.0,4270.0,5834.0,3709.0,5441.0
2024/3/25,29.5,31.0,33.0,27.0,,,19793.0,15878.0,,,,
2024/3/18,29.7,31.2,33.2,27.2,,,19993.0,16078.0,,,,
2024/3/11,29.5,31.0,33.0,27.1,,,19893.0,15978.0,,,,
2024/3/6,,,,,,,,,21096.0,,25096.0,
2024/3/4,29.5,31.0,33.0,27.1,,,19893.0,15978.0,,,,
2024/2/26,29.4,30.9,32.9,26.9,,,19693.0,15778.0,,,,
2024/2/19,29.4,30.9,32.9,26.9,,,19693.0,15778.0,,,,
2024/2/12,29.0,30.5,32.5,27.0,,,19793.0,15878.0,,,,
2024/2/6,,,,,,,,,22259.0,,25563.0,
2024/2/5,29.0,30.5,32.5,27.4,,,20193.0,16278.0,,,,
2024/1/29,29.0,30.5,32.5,27.5,,,20293.0,16378.0,,,,
2024/1/22,28.9,30.4,32.4,27.7,,,20493.0,16578.0,,,,
2024/1/15,29.0,30.5,32.5,27.8,,,20593.0,16678.0,,,,
2024/1/8,29.2,30.7,32.7,27.8,,,20593.0,16678.0,,,,
2024/1/6,,,,,,,,,22618.0,,26618.0,
2024/1/3,,,,,,42.2,,,,,,
2024/1/1,29.5,31.0,33.0,27.9,,,20693.0,16778.0,,,,
2023/12/26,,,,,,42.7,,,,,,
2023/12/25,29.6,31.1,33.1,28.0,,,20793.0,16878.0,,,,
2023/12/19,,,,,,42.3,,,,,,
2023/12/18,29.2,30.7,32.7,27.9,,,20693.0,16778.0,,,,
2023/12/12,,,,,,43.0,,,,,,
2023/12/11,29.5,31.0,33.0,27.6,,,20393.0,16478.0,,,,
2023/12/6,,,,,,,,,21862.0,,25862.0,
2023/12/5,,,,,,43.7,,,,,,
2023/12/4,29.5,31.0,33.0,27.0,,,19793.0,15878.0,,,,
2023/11/27,29.5,31.0,33.0,27.1,,,19893.0,15978.0,,,,
2023/11/21,,,,,,44.0,,,,,,
2023/11/20,29.5,31.0,33.0,27.1,,,19893.0,15978.0,,,,
2023/11/14,,,,,,44.4,,,,,,
2023/11/13,29.6,31.1,33.1,27.1,,,19893.0,15978.0,,,,
2023/11/7,,,,,,45.4,,,,,,
2023/11/6,29.7,31.2,33.2,27.2,,,19993.0,16078.0,20827.0,,24827.0,
2023/10/31,,,,,,45.8,,,,,,
2023/10/30,29.7,31.2,33.2,27.3,,,20093.0,16178.0,,,,
2023/10/24,,,,,,46.4,,,,,,
2023/10/23,29.9,31.4,33.4,27.5,,,20293.0,16378.0,,,,
2023/10/17,,,,,,45.7,,,,,,
2023/10/16,30.2,31.7,33.7,27.8,,,20593.0,16678.0,,,,
2023/10/12,,,,,,46.4,,,,,,
2023/10/9,30.7,32.2,34.2,28.3,,,21093.0,17178.0,,,,
2023/10/6,,,,,,,,,20155.0,,24155.0,
2023/10/2,30.8,32.3,34.3,28.4,,,21193.0,17278.0,,,,
2023/9/25,31.1,32.6,34.6,28.6,,,21393.0,17478.0,,,,
2023/9/19,,,,,,47.1,,,,,,
2023/9/18,31.4,32.9,34.9,29.0,,,21793.0,17878.0,,,,
2023/9/12,,,,,,46.1,,,,,,
2023/9/11,31.6,33.1,35.1,29.1,,,21893.0,17978.0,,,,
2023/9/6,,,,,,45.8,,,20080.0,,24080.0,
2023/9/4,31.2,32.7,34.7,29.3,,,22093.0,18178.0,,,,
2023/8/29,,,,,,45.4,,,,,,
2023/8/28,31.1,32.6,34.6,29.2,,,21993.0,18078.0,,,,
2023/8/21,31.2,32.7,34.7,28.8,,,21593.0,17678.0,,,,
2023/8/15,,,,,,44.5,,,,,,
2023/8/14,31.1,32.6,34.6,28.7,,,21493.0,17578.0,,,,
2023/8/8,,,,,,43.4,,,,,,
2023/8/7,30.5,32.0,34.0,28.2,,,20993.0,17078.0,,,,
2023/8/6,,,,,,,,,20088.0,,23946.0,
2023/8/1,,,,,,41.5,,,,,,
2023/7/31,30.3,31.8,33.8,28.0,,,20793.0,16878.0,,,,
2023/7/24,29.8,31.3,33.3,28.1,,,20893.0,16978.0,,,,
2023/7/18,,,,,,39.9,,,,,,
2023/7/17,29.5,31.0,33.0,27.7,,,20493.0,16578.0,,,,
2023/7/10,29.1,30.6,32.6,27.3,,,20093.0,16178.0,,,,
2023/7/6,,,,,,,,,19987.0,,23987.0,
2023/7/3,28.8,30.3,32.3,27.1,,,19893.0,15978.0,,,,
2023/6/27,,,,,,38.9,,,,,,
2023/6/26,28.9,30.4,32.4,26.9,,,19693.0,15778.0,,,,
2023/6/19,28.5,30.0,32.0,27.2,,,19993.0,16078.0,,,,
2023/6/12,28.8,30.3,32.3,27.0,,,19793.0,15878.0,,,,
2023/6/6,,,,,,38.0,,,20204.0,,24204.0,
2023/6/5,28.5,30.0,32.0,27.0,,,19793.0,15878.0,,,,
2023/5/29,28.9,30.4,32.4,27.1,,,19893.0,15978.0,,,,
2023/5/22,28.6,30.1,32.1,27.4,,,20193.0,16278.0,,,,
2023/5/15,28.8,30.3,32.3,27.6,,,20393.0,16478.0,,,,
2023/5/9,,,,,,38.9,,,,,,
2023/5/8,28.6,30.1,32.1,27.3,,,20093.0,16178.0,,,,
2023/5/6,,,,,,,,,20651.0,,24651.0,
2023/5/3,,,,,,40.1,,,,,,
2023/5/1,29.6,31.1,33.1,27.5,,,20293.0,16378.0,,,,
2023/4/25,,,,,,40.8,,,,,,
2023/4/24,29.6,31.1,33.1,27.4,,,20193.0,16278.0,,,,
2023/4/17,29.8,31.3,33.3,27.6,,,20393.0,16478.0,,,,
2023/4/11,,,,,,41.4,,,,,,
2023/4/10,29.5,31.0,33.0,27.8,,,20593.0,16678.0,,,,
2023/4/6,,,,,,,,,21533.0,,24682.0,
2023/4/3,28.9,30.4,32.4,27.7,,,20493.0,16578.0,,,,
2023/3/28,,,,,,40.6,,,,,,
2023/3/27,28.4,29.9,31.9,27.1,,,19893.0,15978.0,,,,
2023/3/21,,,,,,41.6,,,,,,
2023/3/20,28.9,30.4,32.4,27.6,,,20393.0,16478.0,,,,
2023/3/13,29.2,30.7,32.7,27.1,,,19893.0,15978.0,,,,
2023/3/6,28.9,30.4,32.4,27.1,,,19893.0,15978.0,22492.0,,24640.0,
2023/3/2,,,,,,42.6,,,,,,
2023/2/27,29.0,30.5,32.5,27.3,,,20093.0,16178.0,,,,
2023/2/20,29.1,30.6,32.6,27.4,,,20193.0,16278.0,,,,
2023/2/14,,,,,,43.6,,,,,,
2023/2/13,29.2,30.7,32.7,27.5,,,20293.0,16378.0,,,,
2023/2/6,29.5,31.0,33.0,27.9,,,20693.0,16778.0,23790.0,,25567.0,
2023/1/30,29.6,31.1,33.1,28.2,,,20993.0,17078.0,,,,
2023/1/23,29.1,30.6,32.6,27.8,,,20593.0,16678.0,,,,
2023/1/16,29.1,30.6,32.6,27.8,,,20593.0,16678.0,,,,
2023/1/9,29.1,30.6,32.6,27.8,,,20593.0,16678.0,,,,
2023/1/6,,,,,,,,,24544.0,,26670.0,
2023/1/2,29.5,31.0,33.0,27.8,,,20593.0,16678.0,,,,
2022/12/26,29.1,30.6,32.6,27.9,,,20693.0,16778.0,,,,
2022/12/19,29.0,30.5,32.5,27.3,,,20093.0,16178.0,,,,
2022/12/13,,,,,,44.1,,,,,,
2022/12/12,28.9,30.4,32.4,27.3,,,20093.0,16178.0,,,,
2022/12/6,,,,,,46.7,,,25239.0,,27824.0,
2022/12/5,29.3,30.8,32.8,27.1,,,19893.0,15978.0,,,,
2022/11/29,,,,,,47.7,,,,,,
2022/11/28,29.1,30.6,32.6,26.9,,,19693.0,15778.0,,,,
2022/11/22,,,,,,48.6,,,,,,
2022/11/21,29.2,30.7,32.7,27.0,,,19793.0,15878.0,,,,
2022/11/15,,,,,,49.2,,,,,,
2022/11/14,29.0,30.5,32.5,26.8,,,19593.0,15678.0,,,,
2022/11/7,29.1,30.6,32.6,26.8,,,19593.0,15678.0,,,,
2022/11/6,,,,,,,,,25612.0,,28050.0,
2022/10/31,29.1,30.6,32.6,26.9,,,19693.0,15778.0,,,,
2022/10/24,28.8,30.3,32.3,26.6,,,19393.0,15478.0,,,,
2022/10/18,,,,,,48.8,,,,,,
2022/10/17,28.9,30.4,32.4,26.7,,,19493.0,15578.0,,,,
2022/10/12,,,,,,47.8,,,,,,
2022/10/10,29.2,30.7,32.7,26.9,,,19693.0,15778.0,,,,
2022/10/6,,,,,,,,,25628.0,,28874.0,
2022/10/4,,,,,,47.3,,,,,,
2022/10/3,29.3,30.8,32.8,27.1,,,19893.0,15978.0,,,,
2022/9/27,,,,,,47.9,,,,,,
2022/9/26,29.2,30.7,32.7,26.9,,,19693.0,15778.0,,,,
2022/9/20,,,,,,48.5,,,,,,
2022/9/19,29.2,30.7,32.7,26.9,,,19693.0,15778.0,,,,
2022/9/13,,,,,,49.4,,,,,,
2022/9/12,29.0,30.5,32.5,26.8,,,19593.0,15678.0,,,,
2022/9/6,,,,,,,,,25446.0,,29446.0,
2022/9/5,29.1,30.6,32.6,26.8,,,19593.0,15678.0,,,,
2022/8/30,,,,,,49.9,,,,,,
2022/8/29,29.2,30.7,32.7,27.0,,,19793.0,15878.0,,,,
2022/8/22,29.5,31.0,33.0,27.4,,,20193.0,16278.0,,,,
2022/8/15,29.6,31.1,33.1,27.4,,,20193.0,16278.0,,,,
2022/8/9,,,,,,48.0,,,,,,
2022/8/8,29.8,31.3,33.3,27.6,,,20393.0,16478.0,,,,
2022/8/6,,,,,,,,,24516.0,,28516.0,
2022/8/1,29.5,31.0,33.0,27.3,,,20093.0,16178.0,,,,
2022/7/26,,,,,,49.2,,,,,,
2022/7/25,29.3,30.8,32.8,27.1,,,19893.0,15978.0,,,,
2022/7/19,,,,,,50.0,,,,,,
2022/7/18,29.5,31.0,33.0,27.2,,,19993.0,16078.0,,,,
2022/7/12,,,,,,50.9,,,,,,
2022/7/11,29.8,31.3,33.3,27.6,,,20393.0,16478.0,,,,
2022/7/6,,,,,,,,,23085.0,,27085.0,
2022/7/5,,,,,,52.4,,,,,,
2022/7/4,30.0,31.5,33.5,27.8,,,20593.0,16678.0,,,,
2022/6/27,30.0,31.5,33.5,27.7,,,20493.0,16578.0,,,,
2022/6/21,,,,,,53.3,,,,,,
2022/6/20,29.6,31.1,33.1,27.4,,,20193.0,16278.0,,,,
2022/6/14,,,,,,52.6,,,,,,
2022/6/13,29.5,31.0,33.0,27.3,,,20093.0,16178.0,,,,
2022/6/7,,,,,,50.7,,,,,,
2022/6/6,29.5,31.0,33.0,27.3,,,20093.0,16178.0,21597.0,,25597.0,
2022/5/31,,,,,,48.8,,,,,,
2022/5/30,30.1,31.6,33.6,27.9,,,20693.0,16778.0,,,,
2022/5/24,,,,,,47.8,,,,,,
2022/5/23,30.2,31.7,33.7,28.0,,,20793.0,16878.0,,,,
2022/5/17,,,,,,48.4,,,,,,
2022/5/16,30.2,31.7,33.7,28.0,,,20793.0,16878.0,,,,
2022/5/10,,,,,,48.8,,,,,,
2022/5/9,30.3,31.8,33.8,28.1,,,20893.0,16978.0,,,,
2022/5/6,,,,,,,,,19901.0,,23901.0,
2022/5/2,30.4,31.9,33.9,28.2,,,20993.0,17078.0,,,,
2022/4/26,,,,,,46.8,,,,,,
2022/4/25,30.5,32.0,34.0,28.3,,,21093.0,17178.0,,,,
2022/4/18,30.8,32.3,34.3,28.6,,,21393.0,17478.0,,,,
2022/4/12,,,,,,45.0,,,,,,
2022/4/11,31.0,32.5,34.5,28.9,,,21693.0,17778.0,,,,
2022/4/7,,,,,,45.5,,,,,,
2022/4/6,,,,,,,,,18598.0,,22598.0,
2022/4/4,31.0,32.5,34.5,28.8,,,21593.0,17678.0,,,,
2022/3/29,,,,,,46.0,,,,,,
2022/3/28,31.2,32.7,34.7,29.1,,,21893.0,17978.0,,,,
2022/3/22,,,,,,43.2,,,,,,
2022/3/21,31.5,33.0,35.0,29.4,,,22193.0,18278.0,,,,
2022/3/15,,,,,,44.8,,,,,,
2022/3/14,31.6,33.1,35.1,29.4,,,22193.0,18278.0,,,,
2022/3/8,,,,,,41.0,,,,,,
2022/3/7,31.3,32.8,34.8,29.1,,,21893.0,17978.0,,,,
2022/3/6,,,,,,,,,18587.0,,22587.0,
2022/3/2,,,,,,39.1,,,,,,
2022/2/28,30.7,32.2,34.2,28.5,,,21293.0,17378.0,,,,
2022/2/22,,,,,,38.5,,,,,,
2022/2/21,30.2,31.7,33.7,28.1,,,20893.0,16978.0,,,,
2022/2/15,,,,,,38.0,,,,,,
2022/2/14,29.9,31.4,33.4,27.5,,,20293.0,16378.0,,,,
2022/2/8,,,,,,,,,19234.0,,23219.0,
2022/2/7,28.7,30.2,32.2,26.0,,,18793.0,14878.0,,,,
2022/1/31,29.8,31.3,33.3,26.5,,,19293.0,15378.0,,,,
2022/1/25,,,,,,37.4,,,,,,
2022/1/24,29.8,31.3,33.3,26.5,,,19293.0,15378.0,,,,
2022/1/18,,,,,,36.4,,,,,,
2022/1/17,29.2,30.7,32.7,26.3,,,19093.0,15178.0,,,,
2022/1/11,,,,,,35.1,,,,,,
2022/1/10,28.6,30.1,32.1,26.3,,,19093.0,15178.0,,,,
2022/1/6,,,,,,,,,19651.0,,23545.0,
2022/1/4,,,,,,34.8,,,,,,
2022/1/3,28.4,29.9,31.9,26.4,,,19193.0,15278.0,,,,
2021/12/28,,,,,,33.6,,,,,,
2021/12/27,27.5,29.0,31.0,25.5,,,18293.0,14378.0,,,,
2021/12/21,,,,,,34.3,,,,,,
2021/12/20,27.7,29.2,31.2,25.7,,,18493.0,14578.0,,,,
2021/12/14,,,,,,33.7,,,,,,
2021/12/13,27.6,29.1,31.1,25.6,,,18393.0,14478.0,,,,
2021/12/7,,,,,,32.8,,,,,,
2021/12/6,27.3,28.8,30.8,25.3,,,18093.0,14178.0,19127.0,,23127.0,
2021/12/1,28.5,30.0,32.0,26.6,,,19393.0,15478.0,,,,
2021/11/30,,,,,,35.3,,,,,,
2021/11/29,29.6,31.1,33.1,27.7,,,20493.0,16578.0,,,,
2021/11/23,,,,,,36.0,,,,,,
2021/11/22,29.8,31.3,33.3,28.0,,,20793.0,16878.0,,,,
2021/11/15,30.1,31.6,33.6,28.2,,,20993.0,17078.0,,,,
2021/11/9,,,,,,37.2,,,,,,
2021/11/8,30.0,31.5,33.5,28.1,,,20893.0,16978.0,,,,
2021/11/6,,,,,,,,,18472.0,,22472.0,
2021/11/2,,,,,,37.7,,,,,,
2021/11/1,30.2,31.7,33.7,28.0,,,20793.0,16878.0,,,,
2021/10/26,,,,,,38.0,,,,,,
2021/10/25,30.1,31.6,33.6,27.3,,,20093.0,16178.0,,,,
2021/10/19,,,,,,37.6,,,,,,
2021/10/18,29.5,31.0,33.0,26.6,,,19393.0,15478.0,,,,
2021/10/13,,,,,,36.4,,,,,,
2021/10/11,28.7,30.2,32.2,25.7,,,18493.0,14578.0,,,,
2021/10/6,,,,,,,,,18035.0,,22035.0,
2021/10/5,,,,,,34.9,,,,,,
2021/10/4,28.3,29.8,31.8,25.4,,,18193.0,14278.0,,,,
2021/9/28,,,,,,33.4,,,,,,
2021/9/23,,,,,,32.8,,,,,,
2021/9/20,28.2,29.7,31.7,25.3,,,18093.0,14178.0,,,,
2021/9/13,28.1,29.6,31.6,25.4,,,18193.0,14278.0,,,,
2021/9/7,,,,,,31.9,,,,,,
2021/9/6,28.2,29.7,31.7,25.5,,,18293.0,14378.0,17736.0,,21736.0,
2021/8/31,,,,,,31.1,,,,,,
2021/8/30,28.0,29.5,31.5,25.6,,,18393.0,14478.0,,,,
2021/8/24,,,,,,30.5,,,,,,
2021/8/23,27.6,29.1,31.1,25.5,,,18293.0,14378.0,,,,
2021/8/17,,,,,,31.0,,,,,,
2021/8/16,28.0,29.5,31.5,25.8,,,18593.0,14678.0,,,,
2021/8/10,,,,,,31.3,,,,,,
2021/8/9,28.3,29.8,31.8,26.0,,,18793.0,14878.0,,,,
2021/8/6,,,,,,,,,17338.0,,21338.0,
2021/8/3,,,,,,31.6,,,,,,
2021/8/2,28.7,30.2,32.2,,,,,,,,,
2021/7/28,,,,,,31.3,,,,,,
2021/7/26,28.4,29.9,31.9,25.8,,,18593.0,14678.0,,,,
2021/7/19,28.6,30.1,32.1,25.7,,,18493.0,14578.0,,,,
2021/7/12,28.5,30.0,32.0,25.6,,,18393.0,14478.0,,,,
2021/7/6,,,,,,,,,16839.0,,20839.0,
2021/7/5,28.2,29.7,31.7,25.4,,,18193.0,14278.0,,,,
2021/6/29,,,,,,31.8,,,,,,
2021/6/28,27.9,29.4,31.4,25.1,,,17893.0,13978.0,,,,
2021/6/23,,,,,,31.5,,,,,,
2021/6/21,27.6,29.1,31.1,24.8,,,17593.0,13678.0,,,,
2021/6/16,,,,,,31.2,,,,,,
2021/6/14,27.5,29.0,31.0,24.7,,,17493.0,13578.0,,,,
2021/6/8,,,,,,30.9,,,,,,
2021/6/7,27.2,28.7,30.7,24.4,,,17193.0,13278.0,,,,
2021/6/6,,,,,,,,,15998.0,,19998.0,
2021/5/31,27.0,28.5,30.5,24.2,,,16993.0,13078.0,,,,
2021/5/24,26.8,28.3,30.3,,,,,,,,,
2021/5/17,26.7,28.2,30.2,23.9,,,16693.0,12778.0,,,,
2021/5/11,,,,,,30.3,,,,,,
2021/5/10,26.6,28.1,30.1,23.8,,,16593.0,12678.0,,,,
2021/5/6,,,,,,,,,15191.0,,19191.0,
2021/4/27,,,,,,29.8,,,,,,
2021/4/26,26.8,28.3,30.3,24.0,,,16793.0,12878.0,,,,
2021/4/21,,,,,,29.3,,,,,,
2021/4/19,26.9,28.4,30.4,,,,,,,,,
2021/4/12,26.5,28.0,30.0,24.2,,,16993.0,13078.0,,,,
2021/4/6,,,,,,,,,14387.0,,18387.0,
2021/4/5,,,,24.1,,,16893.0,12978.0,,,,
2021/3/30,,,,,,28.3,,,,,,
2021/3/29,26.8,28.3,30.3,24.0,,,16793.0,12878.0,,,,
2021/3/22,26.5,28.0,30.0,23.8,,,16593.0,12678.0,,,,
2021/3/16,,,,,,29.8,,,,,,
2021/3/15,26.0,27.5,29.5,23.2,,,15993.0,12078.0,,,,
2021/3/9,,,,,,28.9,,,,,,
2021/3/8,25.7,27.2,29.2,23.0,,,15793.0,11878.0,,,,
2021/3/6,,,,,,,,,13327.0,,17327.0,
2021/3/3,,,,,,29.4,,,,,,
2021/3/1,25.6,27.1,29.1,22.9,,,15693.0,11778.0,,,,
2021/2/24,,,,,,28.9,,,,,,
2021/2/22,25.5,27.0,29.0,22.8,,,15593.0,11678.0,,,,
2021/2/6,,,,,,,,,12868.0,,16868.0,
2021/2/1,25.0,26.5,28.5,22.3,,,15093.0,11178.0,,,,
2021/1/25,25.1,26.6,28.6,,,,,,,,,
2021/1/18,25.0,26.5,28.5,22.4,,,15193.0,11278.0,,,,
2021/1/11,24.7,26.2,28.2,22.3,,,15093.0,11178.0,,,,
2021/1/6,,,,,,,,,12464.0,,16167.0,
2021/1/5,,,,,,27.9,,,,,,
2021/1/4,24.2,25.7,27.7,21.8,,,14593.0,10678.0,,,,
2020/12/29,,,,,,27.6,,,,,,
2020/12/28,24.0,25.5,27.5,21.3,,,14093.0,10178.0,,,,
2020/12/22,,,,,,28.1,,,,,,
2020/12/21,23.3,24.8,26.8,20.7,,,13493.0,9578.0,,,,
2020/12/15,,,,,,27.8,,,,,,
2020/12/14,22.8,24.3,26.3,20.2,,,12993.0,9078.0,,,,
2020/12/8,,,,,,27.5,,,,,,
2020/12/7,22.4,23.9,25.9,19.7,,,12493.0,8578.0,,,,
2020/12/6,,,,,,,,,12617.0,,15710.0,
2020/12/1,,,,,,27.0,,,,,,
2020/11/30,22.1,23.6,25.6,19.4,,,12193.0,8278.0,,,,
2020/11/24,,,,,,25.8,,,,,,
2020/11/17,,,,,,25.5,,,,,,
2020/11/16,21.9,23.4,25.4,19.2,,,11993.0,8078.0,,,,
2020/11/10,,,,,,24.3,,,,,,
2020/11/9,21.6,23.1,25.1,19.0,,,11793.0,7878.0,,,,
2020/11/6,,,,,,,,,12784.0,,16028.0,
2020/11/4,,,,,,23.8,,,,,,
2020/11/2,21.5,23.0,25.0,18.9,,,11693.0,7778.0,,,,
2020/10/27,,,,,,24.8,,,,,,
2020/10/19,,,,19.3,,,12093.0,8178.0,,,,
2020/10/14,,,,,,25.1,,,,,,
2020/10/12,,,,19.2,,,11993.0,8078.0,,,,
2020/10/6,,,,,,24.5,,,12720.0,,16241.0,
2020/10/5,22.0,23.5,25.5,19.3,,,12093.0,8178.0,,,,
2020/9/29,,,,,,24.2,,,,,,
2020/9/28,,,,19.5,,,12293.0,8378.0,,,,
2020/9/22,,,,,,23.7,,,,,,
2020/9/21,22.2,23.7,25.7,19.6,,,12393.0,8478.0,,,,
2020/9/16,,,,,,23.0,,,,,,
2020/9/14,22.0,23.5,25.5,19.5,,,12293.0,8378.0,,,,
2020/9/8,,,,,,25.0,,,,,,
2020/9/6,,,,,,,,,12260.0,,15970.0,
2020/8/25,,,,,,25.9,,,,,,
2020/8/17,22.5,24.0,26.0,,,,,,,,,
2020/8/11,,,,,,26.2,,,,,,
2020/8/10,,,,19.8,,,12593.0,8678.0,,,,
2020/8/6,,,,,,,,,11919.0,,14249.0,
2020/8/4,,,,,,26.6,,,,,,
2020/8/3,22.4,23.9,25.9,19.7,,,12493.0,8578.0,,,,
2020/7/28,,,,,,26.9,,,,,,
2020/7/27,22.3,23.8,25.8,,,,,,,,,
2020/7/20,22.2,23.7,25.7,,,,,,,,,
2020/7/14,,,,,,26.6,,,,,,
2020/7/13,22.3,23.8,25.8,,,,,,,,,
2020/7/7,,,,,,26.2,,,,,,
2020/7/6,22.2,23.7,25.7,19.6,,,12393.0,8478.0,12861.0,0.0,14324.0,
2020/6/30,,,,,,26.7,,,,,,
2020/6/29,22.0,23.5,25.5,19.4,,,12193.0,8278.0,,,,
2020/6/23,,,,,,26.2,,,,,,
2020/6/22,21.7,23.2,25.2,19.1,,,11893.0,7978.0,,,,
2020/6/16,,,,,,25.9,,,,,,
2020/6/15,21.4,22.9,24.9,18.8,,,11593.0,7678.0,,,,
2020/6/9,,,,,,25.4,,,,,,
2020/6/8,20.6,22.1,24.1,18.0,,,10793.0,6878.0,,,,
2020/6/6,,,,,,,,,15063.0,15063.0,15914.0,
2020/6/2,,,,,,24.6,,,,,,
2020/6/1,19.9,21.4,23.4,17.4,,,10193.0,6278.0,,,,
2020/5/26,,,,,,23.9,,,,,,
2020/5/25,19.6,21.1,23.1,17.1,,,9893.0,5978.0,,,,
2020/5/19,,,,,,21.9,,,,,,
2020/5/18,19.1,20.6,22.6,16.3,,,9093.0,5178.0,,,,
2020/5/13,,,,,,19.4,,,,,,
2020/5/12,,,,,,17.4,,,,,,
2020/5/11,18.2,19.7,21.7,15.4,,,8193.0,4278.0,,,,
2020/5/6,,,,,,,,,17219.0,17219.0,17446.0,
2020/5/4,16.2,17.7,19.7,13.2,,,5993.0,2078.0,,,,
2020/4/28,,,,,,18.4,,,,,,
2020/4/27,16.1,17.6,19.6,13.0,,,5793.0,,,,,
2020/4/21,,,,,,19.4,,,,,,
2020/4/20,17.0,18.5,20.5,14.0,,,6793.0,1878.0,,,,
2020/4/14,,,,,,19.7,,,,,,
2020/4/13,17.9,19.4,21.4,15.0,,,7793.0,2878.0,,,,
2020/4/7,,,,,,20.2,,,,,,
2020/4/6,17.3,18.8,20.8,14.4,,,7193.0,2278.0,18118.0,18118.0,18620.0,
2020/4/1,,,,,,,,,,,20600.0,
2020/3/31,,,,,,21.4,,,,,,
2020/3/30,18.2,19.7,21.7,15.4,,,8193.0,3278.0,,,,
2020/3/24,,,,,,23.4,,,,,,
2020/3/23,19.0,20.5,22.5,16.2,,,8993.0,4078.0,,,,
2020/3/17,,,,,,24.9,,,,,,
2020/3/16,20.3,21.8,23.8,17.7,,,10493.0,5578.0,,,,
2020/3/10,,,,,,27.9,,,,,,
2020/3/9,24.1,25.6,27.6,21.7,,,14493.0,9578.0,,,,
2020/3/6,,,,,,,,,17428.0,17726.0,,
2020/3/3,,,,,,28.9,,,,,,
2020/3/2,24.7,26.2,28.2,22.4,,,15193.0,10278.0,,,,
2020/2/26,,,,,,30.7,,,,,,
2020/2/24,25.5,27.0,29.0,23.3,,,16093.0,11178.0,,,,
2020/2/17,,,,22.6,,,15393.0,10478.0,,,,
2020/2/11,,,,,,30.2,,,,,,
2020/2/10,24.9,26.4,28.4,22.7,,,15493.0,10578.0,,,,
2020/2/6,,,,,,,,,16568.0,17246.0,,
2020/2/5,,,,,,32.2,,,,,,
2020/2/3,25.9,27.4,29.4,23.7,,,16493.0,11578.0,,,,
2020/1/27,26.8,28.3,30.3,24.7,,,17493.0,12578.0,,,,
2020/1/22,,,,,,35.1,,,,,,
2020/1/20,27.1,28.6,30.6,25.0,,,17793.0,12878.0,,,,
2020/1/15,,,,,,37.1,,,,,,
2020/1/13,27.8,29.3,31.3,25.7,,,18493.0,13578.0,,,,
2020/1/6,,,,25.6,,,18393.0,13478.0,15812.0,16606.0,,
