2024-03-25 00:10,01F0005N,N,31,25
2024-03-25 00:10,01F0005N,N,32,7
2024-03-25 00:10,01F0005N,N,41,2
2024-03-25 00:10,01F0005N,N,42,0
2024-03-25 00:10,01F0005N,N,5,0
2024-03-25 00:10,01F0005S,S,31,37
2024-03-25 00:10,01F0005S,S,32,7
2024-03-25 00:10,01F0005S,S,41,0
2024-03-25 00:10,01F0005S,S,42,0
2024-03-25 00:10,01F0005S,S,5,0
2024-03-25 00:10,01F0017N,N,31,27
2024-03-25 00:10,01F0017N,N,32,7
2024-03-25 00:10,01F0017N,N,41,2
2024-03-25 00:10,01F0017N,N,42,0
2024-03-25 00:10,01F0017N,N,5,0
2024-03-25 00:10,01F0017S,S,31,25
2024-03-25 00:10,01F0017S,S,32,3
2024-03-25 00:10,01F0017S,S,41,0
2024-03-25 00:10,01F0017S,S,42,0
2024-03-25 00:10,01F0017S,S,5,1
2024-03-25 00:10,01F0029N,N,31,45
2024-03-25 00:10,01F0029N,N,32,3
2024-03-25 00:10,01F0029N,N,41,0
2024-03-25 00:10,01F0029N,N,42,1
2024-03-25 00:10,01F0029N,N,5,0
2024-03-25 00:10,01F0029S,S,31,29
2024-03-25 00:10,01F0029S,S,32,7
2024-03-25 00:10,01F0029S,S,41,0
2024-03-25 00:10,01F0029S,S,42,3
2024-03-25 00:10,01F0029S,S,5,0
2024-03-25 00:10,01F0061N,N,31,39
2024-03-25 00:10,01F0061N,N,32,12
2024-03-25 00:10,01F0061N,N,41,0
2024-03-25 00:10,01F0061N,N,42,6
2024-03-25 00:10,01F0061N,N,5,1
2024-03-25 00:10,01F0061S,S,31,37
2024-03-25 00:10,01F0061S,S,32,15
2024-03-25 00:10,01F0061S,S,41,0
2024-03-25 00:10,01F0061S,S,42,2
2024-03-25 00:10,01F0061S,S,5,2
2024-03-25 00:10,01F0099N,N,31,59
2024-03-25 00:10,01F0099N,N,32,14
2024-03-25 00:10,01F0099N,N,41,1
2024-03-25 00:10,01F0099N,N,42,3
2024-03-25 00:10,01F0099N,N,5,5
2024-03-25 00:10,01F0099S,S,31,38
2024-03-25 00:10,01F0099S,S,32,15
2024-03-25 00:10,01F0099S,S,41,0
2024-03-25 00:10,01F0099S,S,42,4
2024-03-25 00:10,01F0099S,S,5,1
2024-03-25 00:10,01F0147N,N,31,55
2024-03-25 00:10,01F0147N,N,32,6
2024-03-25 00:10,01F0147N,N,41,1
2024-03-25 00:10,01F0147N,N,42,3
2024-03-25 00:10,01F0147N,N,5,1
2024-03-25 00:10,01F0147S,S,31,31
2024-03-25 00:10,01F0147S,S,32,4
2024-03-25 00:10,01F0147S,S,41,0
2024-03-25 00:10,01F0147S,S,42,3
2024-03-25 00:10,01F0147S,S,5,1
2024-03-25 00:10,01F0155N,N,31,81
2024-03-25 00:10,01F0155N,N,32,12
2024-03-25 00:10,01F0155N,N,41,0
2024-03-25 00:10,01F0155N,N,42,4
2024-03-25 00:10,01F0155N,N,5,1
2024-03-25 00:10,01F0155S,S,31,56
2024-03-25 00:10,01F0155S,S,32,7
2024-03-25 00:10,01F0155S,S,41,0
2024-03-25 00:10,01F0155S,S,42,4
2024-03-25 00:10,01F0155S,S,5,2
2024-03-25 00:10,01F0182S,S,31,48
2024-03-25 00:10,01F0182S,S,32,6
2024-03-25 00:10,01F0182S,S,41,0
2024-03-25 00:10,01F0182S,S,42,2
2024-03-25 00:10,01F0182S,S,5,2
2024-03-25 00:10,01F0213N,N,31,68
2024-03-25 00:10,01F0213N,N,32,9
2024-03-25 00:10,01F0213N,N,41,1
2024-03-25 00:10,01F0213N,N,42,3
2024-03-25 00:10,01F0213N,N,5,3
2024-03-25 00:10,01F0233N,N,31,131
2024-03-25 00:10,01F0233N,N,32,16
2024-03-25 00:10,01F0233N,N,41,3
2024-03-25 00:10,01F0233N,N,42,4
2024-03-25 00:10,01F0233N,N,5,3
2024-03-25 00:10,01F0248S,S,31,98
2024-03-25 00:10,01F0248S,S,32,20
2024-03-25 00:10,01F0248S,S,41,0
2024-03-25 00:10,01F0248S,S,42,5
2024-03-25 00:10,01F0248S,S,5,1
2024-03-25 00:10,01F0256N,N,31,108
2024-03-25 00:10,01F0256N,N,32,21
2024-03-25 00:10,01F0256N,N,41,5
2024-03-25 00:10,01F0256N,N,42,4
2024-03-25 00:10,01F0256N,N,5,0
2024-03-25 00:10,01F0264S,S,31,86
2024-03-25 00:10,01F0264S,S,32,16
2024-03-25 00:10,01F0264S,S,41,1
2024-03-25 00:10,01F0264S,S,42,4
2024-03-25 00:10,01F0264S,S,5,0
2024-03-25 00:10,01F0293N,N,31,109
2024-03-25 00:10,01F0293N,N,32,25
2024-03-25 00:10,01F0293N,N,41,8
2024-03-25 00:10,01F0293N,N,42,5
2024-03-25 00:10,01F0293N,N,5,1
2024-03-25 00:10,01F0293S,S,31,91
2024-03-25 00:10,01F0293S,S,32,17
2024-03-25 00:10,01F0293S,S,41,2
2024-03-25 00:10,01F0293S,S,42,3
2024-03-25 00:10,01F0293S,S,5,0
2024-03-25 00:10,01F0339S,S,31,156
2024-03-25 00:10,01F0339S,S,32,24
2024-03-25 00:10,01F0339S,S,41,3
2024-03-25 00:10,01F0339S,S,42,8
2024-03-25 00:10,01F0339S,S,5,4
2024-03-25 00:10,01F0340N,N,31,218
2024-03-25 00:10,01F0340N,N,32,42
2024-03-25 00:10,01F0340N,N,41,7
2024-03-25 00:10,01F0340N,N,42,8
2024-03-25 00:10,01F0340N,N,5,4
2024-03-25 00:10,01F0376N,N,31,116
2024-03-25 00:10,01F0376N,N,32,19
2024-03-25 00:10,01F0376N,N,41,1
2024-03-25 00:10,01F0376N,N,42,2
2024-03-25 00:10,01F0376N,N,5,2
2024-03-25 00:10,01F0376S,S,31,130
2024-03-25 00:10,01F0376S,S,32,20
2024-03-25 00:10,01F0376S,S,41,3
2024-03-25 00:10,01F0376S,S,42,3
2024-03-25 00:10,01F0376S,S,5,3
2024-03-25 00:10,01F0413N,N,31,77
2024-03-25 00:10,01F0413N,N,32,16
2024-03-25 00:10,01F0413N,N,41,3
2024-03-25 00:10,01F0413N,N,42,3
2024-03-25 00:10,01F0413N,N,5,1
2024-03-25 00:10,01F0413S,S,31,69
2024-03-25 00:10,01F0413S,S,32,10
2024-03-25 00:10,01F0413S,S,41,5
2024-03-25 00:10,01F0413S,S,42,0
2024-03-25 00:10,01F0413S,S,5,0
2024-03-25 00:10,01F0467N,N,31,139
2024-03-25 00:10,01F0467N,N,32,39
2024-03-25 00:10,01F0467N,N,41,3
2024-03-25 00:10,01F0467N,N,42,9
2024-03-25 00:10,01F0467N,N,5,7
2024-03-25 00:10,01F0467S,S,31,103
2024-03-25 00:10,01F0467S,S,32,16
2024-03-25 00:10,01F0467S,S,41,3
2024-03-25 00:10,01F0467S,S,42,1
2024-03-25 00:10,01F0467S,S,5,2
2024-03-25 00:10,01F0492N,N,31,106
2024-03-25 00:10,01F0492N,N,32,30
2024-03-25 00:10,01F0492N,N,41,2
2024-03-25 00:10,01F0492N,N,42,5
2024-03-25 00:10,01F0492N,N,5,7
2024-03-25 00:10,01F0492S,S,31,69
2024-03-25 00:10,01F0492S,S,32,9
2024-03-25 00:10,01F0492S,S,41,1
2024-03-25 00:10,01F0492S,S,42,2
2024-03-25 00:10,01F0492S,S,5,2
2024-03-25 00:10,01F0511N,N,31,170
2024-03-25 00:10,01F0511N,N,32,36
2024-03-25 00:10,01F0511N,N,41,4
2024-03-25 00:10,01F0511N,N,42,4
2024-03-25 00:10,01F0511N,N,5,8
2024-03-25 00:10,01F0511S,S,31,96
2024-03-25 00:10,01F0511S,S,32,17
2024-03-25 00:10,01F0511S,S,41,1
2024-03-25 00:10,01F0511S,S,42,2
2024-03-25 00:10,01F0511S,S,5,4
2024-03-25 00:10,01F0532N,N,31,146
2024-03-25 00:10,01F0532N,N,32,26
2024-03-25 00:10,01F0532N,N,41,4
2024-03-25 00:10,01F0532N,N,42,6
2024-03-25 00:10,01F0532N,N,5,9
2024-03-25 00:10,01F0532S,S,31,81
2024-03-25 00:10,01F0532S,S,32,17
2024-03-25 00:10,01F0532S,S,41,1
2024-03-25 00:10,01F0532S,S,42,4
2024-03-25 00:10,01F0532S,S,5,5
2024-03-25 00:10,01F0557N,N,31,143
2024-03-25 00:10,01F0557N,N,32,13
2024-03-25 00:10,01F0557N,N,41,2
2024-03-25 00:10,01F0557N,N,42,8
2024-03-25 00:10,01F0557N,N,5,9
2024-03-25 00:10,01F0557S,S,31,72
2024-03-25 00:10,01F0557S,S,32,17
2024-03-25 00:10,01F0557S,S,41,1
2024-03-25 00:10,01F0557S,S,42,4
2024-03-25 00:10,01F0557S,S,5,8
2024-03-25 00:10,01F0578S,S,31,67
2024-03-25 00:10,01F0578S,S,32,17
2024-03-25 00:10,01F0578S,S,41,1
2024-03-25 00:10,01F0578S,S,42,3
2024-03-25 00:10,01F0578S,S,5,8
2024-03-25 00:10,01F0584N,N,31,125
2024-03-25 00:10,01F0584N,N,32,15
2024-03-25 00:10,01F0584N,N,41,2
2024-03-25 00:10,01F0584N,N,42,6
2024-03-25 00:10,01F0584N,N,5,12
2024-03-25 00:10,01F0633N,N,31,120
2024-03-25 00:10,01F0633N,N,32,21
2024-03-25 00:10,01F0633N,N,41,4
2024-03-25 00:10,01F0633N,N,42,6
2024-03-25 00:10,01F0633N,N,5,10
2024-03-25 00:10,01F0633S,S,31,72
2024-03-25 00:10,01F0633S,S,32,10
2024-03-25 00:10,01F0633S,S,41,0
2024-03-25 00:10,01F0633S,S,42,6
2024-03-25 00:10,01F0633S,S,5,5
2024-03-25 00:10,01F0664N,N,31,116
2024-03-25 00:10,01F0664N,N,32,26
2024-03-25 00:10,01F0664N,N,41,5
2024-03-25 00:10,01F0664N,N,42,6
2024-03-25 00:10,01F0664N,N,5,10
2024-03-25 00:10,01F0664S,S,31,63
2024-03-25 00:10,01F0664S,S,32,8
2024-03-25 00:10,01F0664S,S,41,0
2024-03-25 00:10,01F0664S,S,42,6
2024-03-25 00:10,01F0664S,S,5,5
2024-03-25 00:10,01F0681N,N,31,112
2024-03-25 00:10,01F0681N,N,32,24
2024-03-25 00:10,01F0681N,N,41,4
2024-03-25 00:10,01F0681N,N,42,5
2024-03-25 00:10,01F0681N,N,5,7
2024-03-25 00:10,01F0681S,S,31,58
2024-03-25 00:10,01F0681S,S,32,10
2024-03-25 00:10,01F0681S,S,41,0
2024-03-25 00:10,01F0681S,S,42,3
2024-03-25 00:10,01F0681S,S,5,4
2024-03-25 00:10,01F0699N,N,31,111
2024-03-25 00:10,01F0699N,N,32,19
2024-03-25 00:10,01F0699N,N,41,3
2024-03-25 00:10,01F0699N,N,42,2
2024-03-25 00:10,01F0699N,N,5,7
2024-03-25 00:10,01F0699S,S,31,47
2024-03-25 00:10,01F0699S,S,32,6
2024-03-25 00:10,01F0699S,S,41,0
2024-03-25 00:10,01F0699S,S,42,3
2024-03-25 00:10,01F0699S,S,5,5
2024-03-25 00:10,01F0750N,N,31,183
2024-03-25 00:10,01F0750N,N,32,41
2024-03-25 00:10,01F0750N,N,41,5
2024-03-25 00:10,01F0750N,N,42,10
2024-03-25 00:10,01F0750N,N,5,9
2024-03-25 00:10,01F0750S,S,31,90
2024-03-25 00:10,01F0750S,S,32,16
2024-03-25 00:10,01F0750S,S,41,6
2024-03-25 00:10,01F0750S,S,42,4
2024-03-25 00:10,01F0750S,S,5,4
2024-03-25 00:10,01F0880N,N,31,151
2024-03-25 00:10,01F0880N,N,32,39
2024-03-25 00:10,01F0880N,N,41,3
2024-03-25 00:10,01F0880N,N,42,10
2024-03-25 00:10,01F0880N,N,5,10
2024-03-25 00:10,01F0880S,S,31,99
2024-03-25 00:10,01F0880S,S,32,16
2024-03-25 00:10,01F0880S,S,41,2
2024-03-25 00:10,01F0880S,S,42,4
2024-03-25 00:10,01F0880S,S,5,4
2024-03-25 00:10,01F0928N,N,31,159
2024-03-25 00:10,01F0928N,N,32,27
2024-03-25 00:10,01F0928N,N,41,1
2024-03-25 00:10,01F0928N,N,42,6
2024-03-25 00:10,01F0928N,N,5,13
2024-03-25 00:10,01F0928S,S,31,89
2024-03-25 00:10,01F0928S,S,32,16
2024-03-25 00:10,01F0928S,S,41,4
2024-03-25 00:10,01F0928S,S,42,4
2024-03-25 00:10,01F0928S,S,5,4
2024-03-25 00:10,01F0950S,S,31,64
2024-03-25 00:10,01F0950S,S,32,12
2024-03-25 00:10,01F0950S,S,41,3
2024-03-25 00:10,01F0950S,S,42,3
2024-03-25 00:10,01F0950S,S,5,3
2024-03-25 00:10,01F0956N,N,31,120
2024-03-25 00:10,01F0956N,N,32,19
2024-03-25 00:10,01F0956N,N,41,1
2024-03-25 00:10,01F0956N,N,42,5
2024-03-25 00:10,01F0956N,N,5,11
2024-03-25 00:10,01F0979N,N,31,151
2024-03-25 00:10,01F0979N,N,32,24
2024-03-25 00:10,01F0979N,N,41,1
2024-03-25 00:10,01F0979N,N,42,6
2024-03-25 00:10,01F0979N,N,5,12
2024-03-25 00:10,01F0980S,S,31,78
2024-03-25 00:10,01F0980S,S,32,15
2024-03-25 00:10,01F0980S,S,41,4
2024-03-25 00:10,01F0980S,S,42,3
2024-03-25 00:10,01F0980S,S,5,4
2024-03-25 00:10,01F1045N,N,31,133
2024-03-25 00:10,01F1045N,N,32,24
2024-03-25 00:10,01F1045N,N,41,0
2024-03-25 00:10,01F1045N,N,42,9
2024-03-25 00:10,01F1045N,N,5,3
2024-03-25 00:10,01F1045S,S,31,67
2024-03-25 00:10,01F1045S,S,32,12
2024-03-25 00:10,01F1045S,S,41,2
2024-03-25 00:10,01F1045S,S,42,5
2024-03-25 00:10,01F1045S,S,5,3
2024-03-25 00:10,01F1123N,N,31,103
2024-03-25 00:10,01F1123N,N,32,19
2024-03-25 00:10,01F1123N,N,41,3
2024-03-25 00:10,01F1123N,N,42,6
2024-03-25 00:10,01F1123N,N,5,8
2024-03-25 00:10,01F1123S,S,31,62
2024-03-25 00:10,01F1123S,S,32,13
2024-03-25 00:10,01F1123S,S,41,6
2024-03-25 00:10,01F1123S,S,42,5
2024-03-25 00:10,01F1123S,S,5,3
2024-03-25 00:10,01F1292N,N,31,91
2024-03-25 00:10,01F1292N,N,32,19
2024-03-25 00:10,01F1292N,N,41,4
2024-03-25 00:10,01F1292N,N,42,2
2024-03-25 00:10,01F1292N,N,5,4
2024-03-25 00:10,01F1292S,S,31,61
2024-03-25 00:10,01F1292S,S,32,10
2024-03-25 00:10,01F1292S,S,41,4
2024-03-25 00:10,01F1292S,S,42,4
2024-03-25 00:10,01F1292S,S,5,3
2024-03-25 00:10,01F1389N,N,31,90
2024-03-25 00:10,01F1389N,N,32,21
2024-03-25 00:10,01F1389N,N,41,3
2024-03-25 00:10,01F1389N,N,42,4
2024-03-25 00:10,01F1389N,N,5,4
2024-03-25 00:10,01F1389S,S,31,57
2024-03-25 00:10,01F1389S,S,32,13
2024-03-25 00:10,01F1389S,S,41,4
2024-03-25 00:10,01F1389S,S,42,4
2024-03-25 00:10,01F1389S,S,5,1
2024-03-25 00:10,01F1465N,N,31,88
2024-03-25 00:10,01F1465N,N,32,13
2024-03-25 00:10,01F1465N,N,41,1
2024-03-25 00:10,01F1465N,N,42,8
2024-03-25 00:10,01F1465N,N,5,6
2024-03-25 00:10,01F1465S,S,31,59
2024-03-25 00:10,01F1465S,S,32,13
2024-03-25 00:10,01F1465S,S,41,2
2024-03-25 00:10,01F1465S,S,42,3
2024-03-25 00:10,01F1465S,S,5,4
2024-03-25 00:10,01F1572N,N,31,70
2024-03-25 00:10,01F1572N,N,32,15
2024-03-25 00:10,01F1572N,N,41,2
2024-03-25 00:10,01F1572N,N,42,3
2024-03-25 00:10,01F1572N,N,5,3
2024-03-25 00:10,01F1572S,S,31,62
2024-03-25 00:10,01F1572S,S,32,9
2024-03-25 00:10,01F1572S,S,41,5
2024-03-25 00:10,01F1572S,S,42,2
2024-03-25 00:10,01F1572S,S,5,2
2024-03-25 00:10,01F1621N,N,31,79
2024-03-25 00:10,01F1621N,N,32,15
2024-03-25 00:10,01F1621N,N,41,3
2024-03-25 00:10,01F1621N,N,42,6
2024-03-25 00:10,01F1621N,N,5,3
2024-03-25 00:10,01F1621S,S,31,63
2024-03-25 00:10,01F1621S,S,32,17
2024-03-25 00:10,01F1621S,S,41,2
2024-03-25 00:10,01F1621S,S,42,1
2024-03-25 00:10,01F1621S,S,5,3
2024-03-25 00:10,01F1664N,N,31,84
2024-03-25 00:10,01F1664N,N,32,14
2024-03-25 00:10,01F1664N,N,41,2
2024-03-25 00:10,01F1664N,N,42,7
2024-03-25 00:10,01F1664N,N,5,2
2024-03-25 00:10,01F1664S,S,31,57
2024-03-25 00:10,01F1664S,S,32,22
2024-03-25 00:10,01F1664S,S,41,5
2024-03-25 00:10,01F1664S,S,42,3
2024-03-25 00:10,01F1664S,S,5,1
2024-03-25 00:10,01F1699N,N,31,117
2024-03-25 00:10,01F1699N,N,32,20
2024-03-25 00:10,01F1699N,N,41,2
2024-03-25 00:10,01F1699N,N,42,7
2024-03-25 00:10,01F1699N,N,5,2
2024-03-25 00:10,01F1699S,S,31,67
2024-03-25 00:10,01F1699S,S,32,18
2024-03-25 00:10,01F1699S,S,41,4
2024-03-25 00:10,01F1699S,S,42,4
2024-03-25 00:10,01F1699S,S,5,1
2024-03-25 00:10,01F1774N,N,31,86
2024-03-25 00:10,01F1774N,N,32,17
2024-03-25 00:10,01F1774N,N,41,3
2024-03-25 00:10,01F1774N,N,42,7
2024-03-25 00:10,01F1774N,N,5,6
2024-03-25 00:10,01F1774S,S,31,61
2024-03-25 00:10,01F1774S,S,32,11
2024-03-25 00:10,01F1774S,S,41,3
2024-03-25 00:10,01F1774S,S,42,4
2024-03-25 00:10,01F1774S,S,5,1
2024-03-25 00:10,01F1802N,N,31,84
2024-03-25 00:10,01F1802N,N,32,22
2024-03-25 00:10,01F1802N,N,41,3
2024-03-25 00:10,01F1802N,N,42,8
2024-03-25 00:10,01F1802N,N,5,5
2024-03-25 00:10,01F1802S,S,31,49
2024-03-25 00:10,01F1802S,S,32,10
2024-03-25 00:10,01F1802S,S,41,2
2024-03-25 00:10,01F1802S,S,42,5
2024-03-25 00:10,01F1802S,S,5,4
2024-03-25 00:10,01F1839N,N,31,83
2024-03-25 00:10,01F1839N,N,32,15
2024-03-25 00:10,01F1839N,N,41,2
2024-03-25 00:10,01F1839N,N,42,6
2024-03-25 00:10,01F1839N,N,5,2
2024-03-25 00:10,01F1839S,S,31,46
2024-03-25 00:10,01F1839S,S,32,12
2024-03-25 00:10,01F1839S,S,41,6
2024-03-25 00:10,01F1839S,S,42,3
2024-03-25 00:10,01F1839S,S,5,1
2024-03-25 00:10,01F1906N,N,31,96
2024-03-25 00:10,01F1906N,N,32,12
2024-03-25 00:10,01F1906N,N,41,3
2024-03-25 00:10,01F1906N,N,42,9
2024-03-25 00:10,01F1906N,N,5,4
2024-03-25 00:10,01F1906S,S,31,57
2024-03-25 00:10,01F1906S,S,32,11
2024-03-25 00:10,01F1906S,S,41,0
2024-03-25 00:10,01F1906S,S,42,4
2024-03-25 00:10,01F1906S,S,5,0
2024-03-25 00:10,01F1960N,N,31,117
2024-03-25 00:10,01F1960N,N,32,15
2024-03-25 00:10,01F1960N,N,41,9
2024-03-25 00:10,01F1960N,N,42,10
2024-03-25 00:10,01F1960N,N,5,9
2024-03-25 00:10,01F1960S,S,31,92
2024-03-25 00:10,01F1960S,S,32,18
2024-03-25 00:10,01F1960S,S,41,0
2024-03-25 00:10,01F1960S,S,42,6
2024-03-25 00:10,01F1960S,S,5,4
2024-03-25 00:10,01F2011N,N,31,100
2024-03-25 00:10,01F2011N,N,32,20
2024-03-25 00:10,01F2011N,N,41,8
2024-03-25 00:10,01F2011N,N,42,9
2024-03-25 00:10,01F2011N,N,5,3
2024-03-25 00:10,01F2011S,S,31,62
2024-03-25 00:10,01F2011S,S,32,15
2024-03-25 00:10,01F2011S,S,41,0
2024-03-25 00:10,01F2011S,S,42,1
2024-03-25 00:10,01F2011S,S,5,7
2024-03-25 00:10,01F2089N,N,31,108
2024-03-25 00:10,01F2089N,N,32,21
2024-03-25 00:10,01F2089N,N,41,5
2024-03-25 00:10,01F2089N,N,42,9
2024-03-25 00:10,01F2089N,N,5,7
2024-03-25 00:10,01F2089S,S,31,76
2024-03-25 00:10,01F2089S,S,32,13
2024-03-25 00:10,01F2089S,S,41,4
2024-03-25 00:10,01F2089S,S,42,3
2024-03-25 00:10,01F2089S,S,5,3
2024-03-25 00:10,01F2156N,N,31,93
2024-03-25 00:10,01F2156N,N,32,15
2024-03-25 00:10,01F2156N,N,41,5
2024-03-25 00:10,01F2156N,N,42,6
2024-03-25 00:10,01F2156N,N,5,5
2024-03-25 00:10,01F2156S,S,31,68
2024-03-25 00:10,01F2156S,S,32,12
2024-03-25 00:10,01F2156S,S,41,3
2024-03-25 00:10,01F2156S,S,42,8
2024-03-25 00:10,01F2156S,S,5,4
2024-03-25 00:10,01F2249N,N,31,82
2024-03-25 00:10,01F2249N,N,32,16
2024-03-25 00:10,01F2249N,N,41,0
2024-03-25 00:10,01F2249N,N,42,7
2024-03-25 00:10,01F2249N,N,5,7
2024-03-25 00:10,01F2249S,S,31,67
2024-03-25 00:10,01F2249S,S,32,16
2024-03-25 00:10,01F2249S,S,41,2
2024-03-25 00:10,01F2249S,S,42,1
2024-03-25 00:10,01F2249S,S,5,10
2024-03-25 00:10,01F2322N,N,31,99
2024-03-25 00:10,01F2322N,N,32,30
2024-03-25 00:10,01F2322N,N,41,3
2024-03-25 00:10,01F2322N,N,42,6
2024-03-25 00:10,01F2322N,N,5,9
2024-03-25 00:10,01F2322S,S,31,61
2024-03-25 00:10,01F2322S,S,32,19
2024-03-25 00:10,01F2322S,S,41,2
2024-03-25 00:10,01F2322S,S,42,3
2024-03-25 00:10,01F2322S,S,5,1
2024-03-25 00:10,01F2394N,N,31,92
2024-03-25 00:10,01F2394N,N,32,18
2024-03-25 00:10,01F2394N,N,41,3
2024-03-25 00:10,01F2394N,N,42,6
2024-03-25 00:10,01F2394N,N,5,5
2024-03-25 00:10,01F2394S,S,31,59
2024-03-25 00:10,01F2394S,S,32,15
2024-03-25 00:10,01F2394S,S,41,1
2024-03-25 00:10,01F2394S,S,42,5
2024-03-25 00:10,01F2394S,S,5,3
2024-03-25 00:10,01F2425N,N,31,98
2024-03-25 00:10,01F2425N,N,32,14
2024-03-25 00:10,01F2425N,N,41,4
2024-03-25 00:10,01F2425N,N,42,3
2024-03-25 00:10,01F2425N,N,5,6
2024-03-25 00:10,01F2425S,S,31,61
2024-03-25 00:10,01F2425S,S,32,12
2024-03-25 00:10,01F2425S,S,41,1
2024-03-25 00:10,01F2425S,S,42,7
2024-03-25 00:10,01F2425S,S,5,2
2024-03-25 00:10,01F2472N,N,31,97
2024-03-25 00:10,01F2472N,N,32,15
2024-03-25 00:10,01F2472N,N,41,8
2024-03-25 00:10,01F2472N,N,42,5
2024-03-25 00:10,01F2472N,N,5,9
2024-03-25 00:10,01F2472S,S,31,53
2024-03-25 00:10,01F2472S,S,32,13
2024-03-25 00:10,01F2472S,S,41,2
2024-03-25 00:10,01F2472S,S,42,4
2024-03-25 00:10,01F2472S,S,5,2
2024-03-25 00:10,01F2514N,N,31,90
2024-03-25 00:10,01F2514N,N,32,16
2024-03-25 00:10,01F2514N,N,41,6
2024-03-25 00:10,01F2514N,N,42,6
2024-03-25 00:10,01F2514N,N,5,5
2024-03-25 00:10,01F2514S,S,31,52
2024-03-25 00:10,01F2514S,S,32,12
2024-03-25 00:10,01F2514S,S,41,3
2024-03-25 00:10,01F2514S,S,42,2
2024-03-25 00:10,01F2514S,S,5,3
2024-03-25 00:10,01F2603N,N,31,92
2024-03-25 00:10,01F2603N,N,32,16
2024-03-25 00:10,01F2603N,N,41,5
2024-03-25 00:10,01F2603N,N,42,5
2024-03-25 00:10,01F2603N,N,5,6
2024-03-25 00:10,01F2603S,S,31,61
2024-03-25 00:10,01F2603S,S,32,7
2024-03-25 00:10,01F2603S,S,41,3
2024-03-25 00:10,01F2603S,S,42,2
2024-03-25 00:10,01F2603S,S,5,4
2024-03-25 00:10,01F2674N,N,31,93
2024-03-25 00:10,01F2674N,N,32,22
2024-03-25 00:10,01F2674N,N,41,4
2024-03-25 00:10,01F2674N,N,42,8
2024-03-25 00:10,01F2674N,N,5,5
2024-03-25 00:10,01F2674S,S,31,57
2024-03-25 00:10,01F2674S,S,32,16
2024-03-25 00:10,01F2674S,S,41,3
2024-03-25 00:10,01F2674S,S,42,3
2024-03-25 00:10,01F2674S,S,5,6
2024-03-25 00:10,01F2714N,N,31,77
2024-03-25 00:10,01F2714N,N,32,18
2024-03-25 00:10,01F2714N,N,41,2
2024-03-25 00:10,01F2714N,N,42,10
2024-03-25 00:10,01F2714N,N,5,4
2024-03-25 00:10,01F2714S,S,31,50
2024-03-25 00:10,01F2714S,S,32,14
2024-03-25 00:10,01F2714S,S,41,4
2024-03-25 00:10,01F2714S,S,42,5
2024-03-25 00:10,01F2714S,S,5,7
2024-03-25 00:10,01F2827N,N,31,83
2024-03-25 00:10,01F2827N,N,32,17
2024-03-25 00:10,01F2827N,N,41,1
2024-03-25 00:10,01F2827N,N,42,2
2024-03-25 00:10,01F2827N,N,5,11
2024-03-25 00:10,01F2827S,S,31,46
2024-03-25 00:10,01F2827S,S,32,15
2024-03-25 00:10,01F2827S,S,41,4
2024-03-25 00:10,01F2827S,S,42,6
2024-03-25 00:10,01F2827S,S,5,2
2024-03-25 00:10,01F2866N,N,31,69
2024-03-25 00:10,01F2866N,N,32,16
2024-03-25 00:10,01F2866N,N,41,1
2024-03-25 00:10,01F2866N,N,42,7
2024-03-25 00:10,01F2866N,N,5,7
2024-03-25 00:10,01F2866S,S,31,38
2024-03-25 00:10,01F2866S,S,32,10
2024-03-25 00:10,01F2866S,S,41,3
2024-03-25 00:10,01F2866S,S,42,4
2024-03-25 00:10,01F2866S,S,5,3
2024-03-25 00:10,01F2930N,N,31,82
2024-03-25 00:10,01F2930N,N,32,19
2024-03-25 00:10,01F2930N,N,41,1
2024-03-25 00:10,01F2930N,N,42,7
2024-03-25 00:10,01F2930N,N,5,10
2024-03-25 00:10,01F2930S,S,31,38
2024-03-25 00:10,01F2930S,S,32,8
2024-03-25 00:10,01F2930S,S,41,4
2024-03-25 00:10,01F2930S,S,42,2
2024-03-25 00:10,01F2930S,S,5,3
2024-03-25 00:10,01F3019N,N,31,73
2024-03-25 00:10,01F3019N,N,32,13
2024-03-25 00:10,01F3019N,N,41,0
2024-03-25 00:10,01F3019N,N,42,5
2024-03-25 00:10,01F3019N,N,5,11
2024-03-25 00:10,01F3019S,S,31,59
2024-03-25 00:10,01F3019S,S,32,15
2024-03-25 00:10,01F3019S,S,41,4
2024-03-25 00:10,01F3019S,S,42,2
2024-03-25 00:10,01F3019S,S,5,1
2024-03-25 00:10,01F3083N,N,31,85
2024-03-25 00:10,01F3083N,N,32,14
2024-03-25 00:10,01F3083N,N,41,3
2024-03-25 00:10,01F3083N,N,42,6
2024-03-25 00:10,01F3083N,N,5,4
2024-03-25 00:10,01F3083S,S,31,70
2024-03-25 00:10,01F3083S,S,32,15
2024-03-25 00:10,01F3083S,S,41,4
2024-03-25 00:10,01F3083S,S,42,3
2024-03-25 00:10,01F3083S,S,5,5
2024-03-25 00:10,01F3126N,N,31,88
2024-03-25 00:10,01F3126N,N,32,16
2024-03-25 00:10,01F3126N,N,41,1
2024-03-25 00:10,01F3126N,N,42,3
2024-03-25 00:10,01F3126N,N,5,8
2024-03-25 00:10,01F3126S,S,31,65
2024-03-25 00:10,01F3126S,S,32,10
2024-03-25 00:10,01F3126S,S,41,3
2024-03-25 00:10,01F3126S,S,42,8
2024-03-25 00:10,01F3126S,S,5,3
2024-03-25 00:10,01F3185N,N,31,82
2024-03-25 00:10,01F3185N,N,32,20
2024-03-25 00:10,01F3185N,N,41,2
2024-03-25 00:10,01F3185N,N,42,6
2024-03-25 00:10,01F3185N,N,5,6
2024-03-25 00:10,01F3185S,S,31,59
2024-03-25 00:10,01F3185S,S,32,14
2024-03-25 00:10,01F3185S,S,41,4
2024-03-25 00:10,01F3185S,S,42,4
2024-03-25 00:10,01F3185S,S,5,2
2024-03-25 00:10,01F3227N,N,31,92
2024-03-25 00:10,01F3227N,N,32,16
2024-03-25 00:10,01F3227N,N,41,1
2024-03-25 00:10,01F3227N,N,42,7
2024-03-25 00:10,01F3227N,N,5,7
2024-03-25 00:10,01F3227S,S,31,58
2024-03-25 00:10,01F3227S,S,32,12
2024-03-25 00:10,01F3227S,S,41,2
2024-03-25 00:10,01F3227S,S,42,3
2024-03-25 00:10,01F3227S,S,5,3
2024-03-25 00:10,01F3252N,N,31,86
2024-03-25 00:10,01F3252N,N,32,17
2024-03-25 00:10,01F3252N,N,41,1
2024-03-25 00:10,01F3252N,N,42,1
2024-03-25 00:10,01F3252N,N,5,6
2024-03-25 00:10,01F3252S,S,31,47
2024-03-25 00:10,01F3252S,S,32,14
2024-03-25 00:10,01F3252S,S,41,1
2024-03-25 00:10,01F3252S,S,42,4
2024-03-25 00:10,01F3252S,S,5,3
2024-03-25 00:10,01F3286N,N,31,105
2024-03-25 00:10,01F3286N,N,32,26
2024-03-25 00:10,01F3286N,N,41,1
2024-03-25 00:10,01F3286N,N,42,2
2024-03-25 00:10,01F3286N,N,5,6
2024-03-25 00:10,01F3286S,S,31,52
2024-03-25 00:10,01F3286S,S,32,15
2024-03-25 00:10,01F3286S,S,41,0
2024-03-25 00:10,01F3286S,S,42,7
2024-03-25 00:10,01F3286S,S,5,3
2024-03-25 00:10,01F3366N,N,31,88
2024-03-25 00:10,01F3366N,N,32,15
2024-03-25 00:10,01F3366N,N,41,1
2024-03-25 00:10,01F3366N,N,42,4
2024-03-25 00:10,01F3366N,N,5,7
2024-03-25 00:10,01F3366S,S,31,64
2024-03-25 00:10,01F3366S,S,32,19
2024-03-25 00:10,01F3366S,S,41,0
2024-03-25 00:10,01F3366S,S,42,1
2024-03-25 00:10,01F3366S,S,5,3
2024-03-25 00:10,01F3398N,N,31,89
2024-03-25 00:10,01F3398N,N,32,19
2024-03-25 00:10,01F3398N,N,41,1
2024-03-25 00:10,01F3398N,N,42,3
2024-03-25 00:10,01F3398N,N,5,5
2024-03-25 00:10,01F3398S,S,31,77
2024-03-25 00:10,01F3398S,S,32,21
2024-03-25 00:10,01F3398S,S,41,1
2024-03-25 00:10,01F3398S,S,42,1
2024-03-25 00:10,01F3398S,S,5,3
2024-03-25 00:10,01F3460N,N,31,87
2024-03-25 00:10,01F3460N,N,32,23
2024-03-25 00:10,01F3460N,N,41,0
2024-03-25 00:10,01F3460N,N,42,2
2024-03-25 00:10,01F3460N,N,5,6
2024-03-25 00:10,01F3460S,S,31,60
2024-03-25 00:10,01F3460S,S,32,15
2024-03-25 00:10,01F3460S,S,41,2
2024-03-25 00:10,01F3460S,S,42,3
2024-03-25 00:10,01F3460S,S,5,3
2024-03-25 00:10,01F3535N,N,31,82
2024-03-25 00:10,01F3535N,N,32,14
2024-03-25 00:10,01F3535N,N,41,0
2024-03-25 00:10,01F3535N,N,42,0
2024-03-25 00:10,01F3535N,N,5,8
2024-03-25 00:10,01F3535S,S,31,68
2024-03-25 00:10,01F3535S,S,32,27
2024-03-25 00:10,01F3535S,S,41,3
2024-03-25 00:10,01F3535S,S,42,5
2024-03-25 00:10,01F3535S,S,5,4
2024-03-25 00:10,01F3559N,N,31,71
2024-03-25 00:10,01F3559N,N,32,9
2024-03-25 00:10,01F3559N,N,41,0
2024-03-25 00:10,01F3559N,N,42,0
2024-03-25 00:10,01F3559N,N,5,6
2024-03-25 00:10,01F3561S,S,31,62
2024-03-25 00:10,01F3561S,S,32,22
2024-03-25 00:10,01F3561S,S,41,0
2024-03-25 00:10,01F3561S,S,42,3
2024-03-25 00:10,01F3561S,S,5,4
2024-03-25 00:10,01F3590N,N,31,90
2024-03-25 00:10,01F3590N,N,32,9
2024-03-25 00:10,01F3590N,N,41,2
2024-03-25 00:10,01F3590N,N,42,1
2024-03-25 00:10,01F3590N,N,5,7
2024-03-25 00:10,01F3590S,S,31,98
2024-03-25 00:10,01F3590S,S,32,21
2024-03-25 00:10,01F3590S,S,41,0
2024-03-25 00:10,01F3590S,S,42,5
2024-03-25 00:10,01F3590S,S,5,3
2024-03-25 00:10,01F3640N,N,31,94
2024-03-25 00:10,01F3640N,N,32,27
2024-03-25 00:10,01F3640N,N,41,3
2024-03-25 00:10,01F3640N,N,42,5
2024-03-25 00:10,01F3640N,N,5,8
2024-03-25 00:10,01F3640S,S,31,116
2024-03-25 00:10,01F3640S,S,32,29
2024-03-25 00:10,01F3640S,S,41,3
2024-03-25 00:10,01F3640S,S,42,7
2024-03-25 00:10,01F3640S,S,5,3
2024-03-25 00:10,01F3676N,N,31,47
2024-03-25 00:10,01F3676N,N,32,11
2024-03-25 00:10,01F3676N,N,41,1
2024-03-25 00:10,01F3676N,N,42,2
2024-03-25 00:10,01F3676N,N,5,7
2024-03-25 00:10,01F3676S,S,31,53
2024-03-25 00:10,01F3676S,S,32,15
2024-03-25 00:10,01F3676S,S,41,0
2024-03-25 00:10,01F3676S,S,42,6
2024-03-25 00:10,01F3676S,S,5,3
2024-03-25 00:10,01F3686S,S,31,72
2024-03-25 00:10,01F3686S,S,32,25
2024-03-25 00:10,01F3686S,S,41,0
2024-03-25 00:10,01F3686S,S,42,4
2024-03-25 00:10,01F3686S,S,5,5
2024-03-25 00:10,01F3696N,N,31,74
2024-03-25 00:10,01F3696N,N,32,19
2024-03-25 00:10,01F3696N,N,41,1
2024-03-25 00:10,01F3696N,N,42,4
2024-03-25 00:10,01F3696N,N,5,5
2024-03-25 00:10,01F3736N,N,31,10
2024-03-25 00:10,01F3736N,N,32,4
2024-03-25 00:10,01F3736N,N,41,0
2024-03-25 00:10,01F3736N,N,42,0
2024-03-25 00:10,01F3736N,N,5,0
2024-03-25 00:10,01F3736S,S,31,1
2024-03-25 00:10,01F3736S,S,32,2
2024-03-25 00:10,01F3736S,S,41,0
2024-03-25 00:10,01F3736S,S,42,0
2024-03-25 00:10,01F3736S,S,5,0
2024-03-25 00:10,01H0163S,S,31,34
2024-03-25 00:10,01H0163S,S,32,8
2024-03-25 00:10,01H0163S,S,41,0
2024-03-25 00:10,01H0163S,S,42,0
2024-03-25 00:10,01H0163S,S,5,0
2024-03-25 00:10,01H0174N,N,31,40
2024-03-25 00:10,01H0174N,N,32,4
2024-03-25 00:10,01H0174N,N,41,1
2024-03-25 00:10,01H0174N,N,42,0
2024-03-25 00:10,01H0174N,N,5,0
2024-03-25 00:10,01H0200N,N,31,65
2024-03-25 00:10,01H0200N,N,32,9
2024-03-25 00:10,01H0200N,N,41,0
2024-03-25 00:10,01H0200N,N,42,1
2024-03-25 00:10,01H0200N,N,5,0
2024-03-25 00:10,01H0206S,S,31,50
2024-03-25 00:10,01H0206S,S,32,8
2024-03-25 00:10,01H0206S,S,41,0
2024-03-25 00:10,01H0206S,S,42,1
2024-03-25 00:10,01H0206S,S,5,0
2024-03-25 00:10,01H0208N,N,31,68
2024-03-25 00:10,01H0208N,N,32,14
2024-03-25 00:10,01H0208N,N,41,1
2024-03-25 00:10,01H0208N,N,42,0
2024-03-25 00:10,01H0208N,N,5,0
2024-03-25 00:10,01H0271N,N,31,116
2024-03-25 00:10,01H0271N,N,32,22
2024-03-25 00:10,01H0271N,N,41,0
2024-03-25 00:10,01H0271N,N,42,0
2024-03-25 00:10,01H0271N,N,5,0
2024-03-25 00:10,01H0305S,S,31,69
2024-03-25 00:10,01H0305S,S,32,16
2024-03-25 00:10,01H0305S,S,41,0
2024-03-25 00:10,01H0305S,S,42,0
2024-03-25 00:10,01H0305S,S,5,0
2024-03-25 00:10,01H0333N,N,31,72
2024-03-25 00:10,01H0333N,N,32,6
2024-03-25 00:10,01H0333N,N,41,0
2024-03-25 00:10,01H0333N,N,42,0
2024-03-25 00:10,01H0333N,N,5,0
2024-03-25 00:10,01H0334S,S,31,17
2024-03-25 00:10,01H0334S,S,32,2
2024-03-25 00:10,01H0334S,S,41,1
2024-03-25 00:10,01H0334S,S,42,0
2024-03-25 00:10,01H0334S,S,5,0
2024-03-25 00:10,01H0447N,N,31,155
2024-03-25 00:10,01H0447N,N,32,20
2024-03-25 00:10,01H0447N,N,41,1
2024-03-25 00:10,01H0447N,N,42,0
2024-03-25 00:10,01H0447N,N,5,0
2024-03-25 00:10,01H0447S,S,31,69
2024-03-25 00:10,01H0447S,S,32,12
2024-03-25 00:10,01H0447S,S,41,0
2024-03-25 00:10,01H0447S,S,42,0
2024-03-25 00:10,01H0447S,S,5,0
2024-03-25 00:10,01H0579N,N,31,81
2024-03-25 00:10,01H0579N,N,32,11
2024-03-25 00:10,01H0579N,N,41,0
2024-03-25 00:10,01H0579N,N,42,0
2024-03-25 00:10,01H0579N,N,5,0
2024-03-25 00:10,01H0579S,S,31,50
2024-03-25 00:10,01H0579S,S,32,13
2024-03-25 00:10,01H0579S,S,41,1
2024-03-25 00:10,01H0579S,S,42,0
2024-03-25 00:10,01H0579S,S,5,0
2024-03-25 00:10,01H0608N,N,31,73
2024-03-25 00:10,01H0608N,N,32,22
2024-03-25 00:10,01H0608N,N,41,1
2024-03-25 00:10,01H0608N,N,42,0
2024-03-25 00:10,01H0608N,N,5,0
2024-03-25 00:10,01H0610S,S,31,36
2024-03-25 00:10,01H0610S,S,32,8
2024-03-25 00:10,01H0610S,S,41,0
2024-03-25 00:10,01H0610S,S,42,0
2024-03-25 00:10,01H0610S,S,5,0
2024-03-25 00:10,03A0015N,W,31,12
2024-03-25 00:10,03A0015N,W,32,0
2024-03-25 00:10,03A0015N,W,41,0
2024-03-25 00:10,03A0015N,W,42,0
2024-03-25 00:10,03A0015N,W,5,0
2024-03-25 00:10,03A0015S,E,31,14
2024-03-25 00:10,03A0015S,E,32,4
2024-03-25 00:10,03A0015S,E,41,0
2024-03-25 00:10,03A0015S,E,42,0
2024-03-25 00:10,03A0015S,E,5,1
2024-03-25 00:10,03A0041N,W,31,29
2024-03-25 00:10,03A0041N,W,32,4
2024-03-25 00:10,03A0041N,W,41,0
2024-03-25 00:10,03A0041N,W,42,2
2024-03-25 00:10,03A0041N,W,5,0
2024-03-25 00:10,03A0041S,E,31,26
2024-03-25 00:10,03A0041S,E,32,4
2024-03-25 00:10,03A0041S,E,41,0
2024-03-25 00:10,03A0041S,E,42,0
2024-03-25 00:10,03A0041S,E,5,1
2024-03-25 00:10,03F0006S,S,31,13
2024-03-25 00:10,03F0006S,S,32,1
2024-03-25 00:10,03F0006S,S,41,0
2024-03-25 00:10,03F0006S,S,42,0
2024-03-25 00:10,03F0006S,S,5,0
2024-03-25 00:10,03F0021N,N,31,21
2024-03-25 00:10,03F0021N,N,32,1
2024-03-25 00:10,03F0021N,N,41,0
2024-03-25 00:10,03F0021N,N,42,0
2024-03-25 00:10,03F0021N,N,5,0
2024-03-25 00:10,03F0054N,N,31,17
2024-03-25 00:10,03F0054N,N,32,4
2024-03-25 00:10,03F0054N,N,41,0
2024-03-25 00:10,03F0054N,N,42,0
2024-03-25 00:10,03F0054N,N,5,0
2024-03-25 00:10,03F0087S,S,31,13
2024-03-25 00:10,03F0087S,S,32,2
2024-03-25 00:10,03F0087S,S,41,0
2024-03-25 00:10,03F0087S,S,42,0
2024-03-25 00:10,03F0087S,S,5,0
2024-03-25 00:10,03F0116N,N,31,35
2024-03-25 00:10,03F0116N,N,32,8
2024-03-25 00:10,03F0116N,N,41,0
2024-03-25 00:10,03F0116N,N,42,1
2024-03-25 00:10,03F0116N,N,5,6
2024-03-25 00:10,03F0116S,S,31,34
2024-03-25 00:10,03F0116S,S,32,5
2024-03-25 00:10,03F0116S,S,41,0
2024-03-25 00:10,03F0116S,S,42,1
2024-03-25 00:10,03F0116S,S,5,2
2024-03-25 00:10,03F0136S,S,31,38
2024-03-25 00:10,03F0136S,S,32,9
2024-03-25 00:10,03F0136S,S,41,0
2024-03-25 00:10,03F0136S,S,42,0
2024-03-25 00:10,03F0136S,S,5,2
2024-03-25 00:10,03F0140N,N,31,46
2024-03-25 00:10,03F0140N,N,32,9
2024-03-25 00:10,03F0140N,N,41,0
2024-03-25 00:10,03F0140N,N,42,1
2024-03-25 00:10,03F0140N,N,5,5
2024-03-25 00:10,03F0150N,N,31,51
2024-03-25 00:10,03F0150N,N,32,10
2024-03-25 00:10,03F0150N,N,41,0
2024-03-25 00:10,03F0150N,N,42,0
2024-03-25 00:10,03F0150N,N,5,3
2024-03-25 00:10,03F0158S,S,31,45
2024-03-25 00:10,03F0158S,S,32,9
2024-03-25 00:10,03F0158S,S,41,0
2024-03-25 00:10,03F0158S,S,42,0
2024-03-25 00:10,03F0158S,S,5,2
2024-03-25 00:10,03F0201N,N,31,41
2024-03-25 00:10,03F0201N,N,32,8
2024-03-25 00:10,03F0201N,N,41,0
2024-03-25 00:10,03F0201N,N,42,0
2024-03-25 00:10,03F0201N,N,5,3
2024-03-25 00:10,03F0201S,S,31,51
2024-03-25 00:10,03F0201S,S,32,12
2024-03-25 00:10,03F0201S,S,41,0
2024-03-25 00:10,03F0201S,S,42,1
2024-03-25 00:10,03F0201S,S,5,1
2024-03-25 00:10,03F0217N,N,31,50
2024-03-25 00:10,03F0217N,N,32,10
2024-03-25 00:10,03F0217N,N,41,0
2024-03-25 00:10,03F0217N,N,42,1
2024-03-25 00:10,03F0217N,N,5,2
2024-03-25 00:10,03F0217S,S,31,50
2024-03-25 00:10,03F0217S,S,32,12
2024-03-25 00:10,03F0217S,S,41,0
2024-03-25 00:10,03F0217S,S,42,3
2024-03-25 00:10,03F0217S,S,5,1
2024-03-25 00:10,03F0301N,N,31,49
2024-03-25 00:10,03F0301N,N,32,13
2024-03-25 00:10,03F0301N,N,41,1
2024-03-25 00:10,03F0301N,N,42,3
2024-03-25 00:10,03F0301N,N,5,3
2024-03-25 00:10,03F0301S,S,31,63
2024-03-25 00:10,03F0301S,S,32,11
2024-03-25 00:10,03F0301S,S,41,0
2024-03-25 00:10,03F0301S,S,42,1
2024-03-25 00:10,03F0301S,S,5,6
2024-03-25 00:10,03F0337S,S,31,59
2024-03-25 00:10,03F0337S,S,32,12
2024-03-25 00:10,03F0337S,S,41,0
2024-03-25 00:10,03F0337S,S,42,2
2024-03-25 00:10,03F0337S,S,5,3
2024-03-25 00:10,03F0338N,N,31,92
2024-03-25 00:10,03F0338N,N,32,15
2024-03-25 00:10,03F0338N,N,41,0
2024-03-25 00:10,03F0338N,N,42,3
2024-03-25 00:10,03F0338N,N,5,3
2024-03-25 00:10,03F0394N,N,31,154
2024-03-25 00:10,03F0394N,N,32,41
2024-03-25 00:10,03F0394N,N,41,0
2024-03-25 00:10,03F0394N,N,42,7
2024-03-25 00:10,03F0394N,N,5,5
2024-03-25 00:10,03F0394S,S,31,87
2024-03-25 00:10,03F0394S,S,32,19
2024-03-25 00:10,03F0394S,S,41,0
2024-03-25 00:10,03F0394S,S,42,0
2024-03-25 00:10,03F0394S,S,5,1
2024-03-25 00:10,03F0447N,N,31,196
2024-03-25 00:10,03F0447N,N,32,47
2024-03-25 00:10,03F0447N,N,41,4
2024-03-25 00:10,03F0447N,N,42,9
2024-03-25 00:10,03F0447N,N,5,7
2024-03-25 00:10,03F0447S,S,31,123
2024-03-25 00:10,03F0447S,S,32,26
2024-03-25 00:10,03F0447S,S,41,0
2024-03-25 00:10,03F0447S,S,42,2
2024-03-25 00:10,03F0447S,S,5,0
2024-03-25 00:10,03F0498N,N,31,172
2024-03-25 00:10,03F0498N,N,32,45
2024-03-25 00:10,03F0498N,N,41,2
2024-03-25 00:10,03F0498N,N,42,7
2024-03-25 00:10,03F0498N,N,5,3
2024-03-25 00:10,03F0498S,S,31,103
2024-03-25 00:10,03F0498S,S,32,19
2024-03-25 00:10,03F0498S,S,41,1
2024-03-25 00:10,03F0498S,S,42,1
2024-03-25 00:10,03F0498S,S,5,0
2024-03-25 00:10,03F0525N,N,31,188
2024-03-25 00:10,03F0525N,N,32,48
2024-03-25 00:10,03F0525N,N,41,1
2024-03-25 00:10,03F0525N,N,42,6
2024-03-25 00:10,03F0525N,N,5,4
2024-03-25 00:10,03F0525S,S,31,104
2024-03-25 00:10,03F0525S,S,32,18
2024-03-25 00:10,03F0525S,S,41,1
2024-03-25 00:10,03F0525S,S,42,3
2024-03-25 00:10,03F0525S,S,5,2
2024-03-25 00:10,03F0559N,N,31,141
2024-03-25 00:10,03F0559N,N,32,36
2024-03-25 00:10,03F0559N,N,41,0
2024-03-25 00:10,03F0559N,N,42,4
2024-03-25 00:10,03F0559N,N,5,2
2024-03-25 00:10,03F0559S,S,31,71
2024-03-25 00:10,03F0559S,S,32,16
2024-03-25 00:10,03F0559S,S,41,0
2024-03-25 00:10,03F0559S,S,42,3
2024-03-25 00:10,03F0559S,S,5,2
2024-03-25 00:10,03F0648N,N,31,161
2024-03-25 00:10,03F0648N,N,32,30
2024-03-25 00:10,03F0648N,N,41,1
2024-03-25 00:10,03F0648N,N,42,1
2024-03-25 00:10,03F0648N,N,5,2
2024-03-25 00:10,03F0648S,S,31,43
2024-03-25 00:10,03F0648S,S,32,12
2024-03-25 00:10,03F0648S,S,41,0
2024-03-25 00:10,03F0648S,S,42,2
2024-03-25 00:10,03F0648S,S,5,1
2024-03-25 00:10,03F0698N,N,31,117
2024-03-25 00:10,03F0698N,N,32,33
2024-03-25 00:10,03F0698N,N,41,1
2024-03-25 00:10,03F0698N,N,42,5
2024-03-25 00:10,03F0698N,N,5,3
2024-03-25 00:10,03F0698S,S,31,49
2024-03-25 00:10,03F0698S,S,32,7
2024-03-25 00:10,03F0698S,S,41,0
2024-03-25 00:10,03F0698S,S,42,3
2024-03-25 00:10,03F0698S,S,5,3
2024-03-25 00:10,03F0746N,N,31,102
2024-03-25 00:10,03F0746N,N,32,26
2024-03-25 00:10,03F0746N,N,41,1
2024-03-25 00:10,03F0746N,N,42,3
2024-03-25 00:10,03F0746N,N,5,0
2024-03-25 00:10,03F0746S,S,31,48
2024-03-25 00:10,03F0746S,S,32,7
2024-03-25 00:10,03F0746S,S,41,0
2024-03-25 00:10,03F0746S,S,42,1
2024-03-25 00:10,03F0746S,S,5,1
2024-03-25 00:10,03F0783N,N,31,105
2024-03-25 00:10,03F0783N,N,32,23
2024-03-25 00:10,03F0783N,N,41,0
2024-03-25 00:10,03F0783N,N,42,4
2024-03-25 00:10,03F0783N,N,5,0
2024-03-25 00:10,03F0783S,S,31,42
2024-03-25 00:10,03F0783S,S,32,6
2024-03-25 00:10,03F0783S,S,41,0
2024-03-25 00:10,03F0783S,S,42,1
2024-03-25 00:10,03F0783S,S,5,0
2024-03-25 00:10,03F0846N,N,31,84
2024-03-25 00:10,03F0846N,N,32,18
2024-03-25 00:10,03F0846N,N,41,0
2024-03-25 00:10,03F0846N,N,42,4
2024-03-25 00:10,03F0846N,N,5,5
2024-03-25 00:10,03F0846S,S,31,35
2024-03-25 00:10,03F0846S,S,32,11
2024-03-25 00:10,03F0846S,S,41,0
2024-03-25 00:10,03F0846S,S,42,3
2024-03-25 00:10,03F0846S,S,5,1
2024-03-25 00:10,03F0961N,N,31,66
2024-03-25 00:10,03F0961N,N,32,13
2024-03-25 00:10,03F0961N,N,41,0
2024-03-25 00:10,03F0961N,N,42,1
2024-03-25 00:10,03F0961N,N,5,5
2024-03-25 00:10,03F0961S,S,31,46
2024-03-25 00:10,03F0961S,S,32,6
2024-03-25 00:10,03F0961S,S,41,1
2024-03-25 00:10,03F0961S,S,42,2
2024-03-25 00:10,03F0961S,S,5,1
2024-03-25 00:10,03F0996N,N,31,79
2024-03-25 00:10,03F0996N,N,32,15
2024-03-25 00:10,03F0996N,N,41,0
2024-03-25 00:10,03F0996N,N,42,1
2024-03-25 00:10,03F0996N,N,5,3
2024-03-25 00:10,03F0996S,S,31,40
2024-03-25 00:10,03F0996S,S,32,6
2024-03-25 00:10,03F0996S,S,41,0
2024-03-25 00:10,03F0996S,S,42,3
2024-03-25 00:10,03F0996S,S,5,3
2024-03-25 00:10,03F1022N,N,31,90
2024-03-25 00:10,03F1022N,N,32,15
2024-03-25 00:10,03F1022N,N,41,0
2024-03-25 00:10,03F1022N,N,42,1
2024-03-25 00:10,03F1022N,N,5,2
2024-03-25 00:10,03F1022S,S,31,51
2024-03-25 00:10,03F1022S,S,32,12
2024-03-25 00:10,03F1022S,S,41,1
2024-03-25 00:10,03F1022S,S,42,2
2024-03-25 00:10,03F1022S,S,5,3
2024-03-25 00:10,03F1051N,N,31,95
2024-03-25 00:10,03F1051N,N,32,19
2024-03-25 00:10,03F1051N,N,41,0
2024-03-25 00:10,03F1051N,N,42,3
2024-03-25 00:10,03F1051N,N,5,4
2024-03-25 00:10,03F1051S,S,31,54
2024-03-25 00:10,03F1051S,S,32,7
2024-03-25 00:10,03F1051S,S,41,1
2024-03-25 00:10,03F1051S,S,42,3
2024-03-25 00:10,03F1051S,S,5,4
2024-03-25 00:10,03F1128N,N,31,98
2024-03-25 00:10,03F1128N,N,32,18
2024-03-25 00:10,03F1128N,N,41,0
2024-03-25 00:10,03F1128N,N,42,4
2024-03-25 00:10,03F1128N,N,5,7
2024-03-25 00:10,03F1128S,S,31,39
2024-03-25 00:10,03F1128S,S,32,15
2024-03-25 00:10,03F1128S,S,41,0
2024-03-25 00:10,03F1128S,S,42,6
2024-03-25 00:10,03F1128S,S,5,7
2024-03-25 00:10,03F1161N,N,31,91
2024-03-25 00:10,03F1161N,N,32,19
2024-03-25 00:10,03F1161N,N,41,1
2024-03-25 00:10,03F1161N,N,42,2
2024-03-25 00:10,03F1161N,N,5,4
2024-03-25 00:10,03F1161S,S,31,29
2024-03-25 00:10,03F1161S,S,32,11
2024-03-25 00:10,03F1161S,S,41,0
2024-03-25 00:10,03F1161S,S,42,2
2024-03-25 00:10,03F1161S,S,5,6
2024-03-25 00:10,03F1215N,N,31,72
2024-03-25 00:10,03F1215N,N,32,15
2024-03-25 00:10,03F1215N,N,41,1
2024-03-25 00:10,03F1215N,N,42,3
2024-03-25 00:10,03F1215N,N,5,2
2024-03-25 00:10,03F1215S,S,31,23
2024-03-25 00:10,03F1215S,S,32,10
2024-03-25 00:10,03F1215S,S,41,0
2024-03-25 00:10,03F1215S,S,42,2
2024-03-25 00:10,03F1215S,S,5,6
2024-03-25 00:10,03F1257N,N,31,59
2024-03-25 00:10,03F1257N,N,32,16
2024-03-25 00:10,03F1257N,N,41,0
2024-03-25 00:10,03F1257N,N,42,10
2024-03-25 00:10,03F1257N,N,5,1
2024-03-25 00:10,03F1257S,S,31,25
2024-03-25 00:10,03F1257S,S,32,10
2024-03-25 00:10,03F1257S,S,41,2
2024-03-25 00:10,03F1257S,S,42,1
2024-03-25 00:10,03F1257S,S,5,4
2024-03-25 00:10,03F1332N,N,31,67
2024-03-25 00:10,03F1332N,N,32,18
2024-03-25 00:10,03F1332N,N,41,0
2024-03-25 00:10,03F1332N,N,42,4
2024-03-25 00:10,03F1332N,N,5,4
2024-03-25 00:10,03F1332S,S,31,31
2024-03-25 00:10,03F1332S,S,32,2
2024-03-25 00:10,03F1332S,S,41,0
2024-03-25 00:10,03F1332S,S,42,3
2024-03-25 00:10,03F1332S,S,5,5
2024-03-25 00:10,03F1395N,N,31,66
2024-03-25 00:10,03F1395N,N,32,12
2024-03-25 00:10,03F1395N,N,41,1
2024-03-25 00:10,03F1395N,N,42,0
2024-03-25 00:10,03F1395N,N,5,3
2024-03-25 00:10,03F1395S,S,31,36
2024-03-25 00:10,03F1395S,S,32,6
2024-03-25 00:10,03F1395S,S,41,0
2024-03-25 00:10,03F1395S,S,42,1
2024-03-25 00:10,03F1395S,S,5,2
2024-03-25 00:10,03F1485N,N,31,54
2024-03-25 00:10,03F1485N,N,32,21
2024-03-25 00:10,03F1485N,N,41,0
2024-03-25 00:10,03F1485N,N,42,1
2024-03-25 00:10,03F1485N,N,5,4
2024-03-25 00:10,03F1485S,S,31,23
2024-03-25 00:10,03F1485S,S,32,10
2024-03-25 00:10,03F1485S,S,41,0
2024-03-25 00:10,03F1485S,S,42,5
2024-03-25 00:10,03F1485S,S,5,9
2024-03-25 00:10,03F1633N,N,31,65
2024-03-25 00:10,03F1633N,N,32,10
2024-03-25 00:10,03F1633N,N,41,0
2024-03-25 00:10,03F1633N,N,42,3
2024-03-25 00:10,03F1633N,N,5,5
2024-03-25 00:10,03F1633S,S,31,33
2024-03-25 00:10,03F1633S,S,32,8
2024-03-25 00:10,03F1633S,S,41,0
2024-03-25 00:10,03F1633S,S,42,2
2024-03-25 00:10,03F1633S,S,5,2
2024-03-25 00:10,03F1651N,N,31,70
2024-03-25 00:10,03F1651N,N,32,13
2024-03-25 00:10,03F1651N,N,41,1
2024-03-25 00:10,03F1651N,N,42,3
2024-03-25 00:10,03F1651N,N,5,9
2024-03-25 00:10,03F1651S,S,31,26
2024-03-25 00:10,03F1651S,S,32,6
2024-03-25 00:10,03F1651S,S,41,0
2024-03-25 00:10,03F1651S,S,42,1
2024-03-25 00:10,03F1651S,S,5,2
2024-03-25 00:10,03F1710N,N,31,53
2024-03-25 00:10,03F1710N,N,32,13
2024-03-25 00:10,03F1710N,N,41,1
2024-03-25 00:10,03F1710N,N,42,0
2024-03-25 00:10,03F1710N,N,5,5
2024-03-25 00:10,03F1710S,S,31,32
2024-03-25 00:10,03F1710S,S,32,7
2024-03-25 00:10,03F1710S,S,41,0
2024-03-25 00:10,03F1710S,S,42,3
2024-03-25 00:10,03F1710S,S,5,0
2024-03-25 00:10,03F1739N,N,31,50
2024-03-25 00:10,03F1739N,N,32,12
2024-03-25 00:10,03F1739N,N,41,1
2024-03-25 00:10,03F1739N,N,42,1
2024-03-25 00:10,03F1739N,N,5,1
2024-03-25 00:10,03F1739S,S,31,39
2024-03-25 00:10,03F1739S,S,32,6
2024-03-25 00:10,03F1739S,S,41,1
2024-03-25 00:10,03F1739S,S,42,1
2024-03-25 00:10,03F1739S,S,5,1
2024-03-25 00:10,03F1779N,N,31,46
2024-03-25 00:10,03F1779N,N,32,20
2024-03-25 00:10,03F1779N,N,41,1
2024-03-25 00:10,03F1779N,N,42,1
2024-03-25 00:10,03F1779N,N,5,3
2024-03-25 00:10,03F1779S,S,31,43
2024-03-25 00:10,03F1779S,S,32,7
2024-03-25 00:10,03F1779S,S,41,1
2024-03-25 00:10,03F1779S,S,42,2
2024-03-25 00:10,03F1779S,S,5,3
2024-03-25 00:10,03F1860N,N,31,55
2024-03-25 00:10,03F1860N,N,32,12
2024-03-25 00:10,03F1860N,N,41,1
2024-03-25 00:10,03F1860N,N,42,0
2024-03-25 00:10,03F1860N,N,5,5
2024-03-25 00:10,03F1860S,S,31,39
2024-03-25 00:10,03F1860S,S,32,8
2024-03-25 00:10,03F1860S,S,41,0
2024-03-25 00:10,03F1860S,S,42,3
2024-03-25 00:10,03F1860S,S,5,5
2024-03-25 00:10,03F1941N,N,31,64
2024-03-25 00:10,03F1941N,N,32,9
2024-03-25 00:10,03F1941N,N,41,1
2024-03-25 00:10,03F1941N,N,42,4
2024-03-25 00:10,03F1941N,N,5,5
2024-03-25 00:10,03F1944S,S,31,67
2024-03-25 00:10,03F1944S,S,32,18
2024-03-25 00:10,03F1944S,S,41,0
2024-03-25 00:10,03F1944S,S,42,3
2024-03-25 00:10,03F1944S,S,5,3
2024-03-25 00:10,03F1991S,S,31,45
2024-03-25 00:10,03F1991S,S,32,9
2024-03-25 00:10,03F1991S,S,41,1
2024-03-25 00:10,03F1991S,S,42,2
2024-03-25 00:10,03F1991S,S,5,1
2024-03-25 00:10,03F1992N,N,31,36
2024-03-25 00:10,03F1992N,N,32,12
2024-03-25 00:10,03F1992N,N,41,0
2024-03-25 00:10,03F1992N,N,42,0
2024-03-25 00:10,03F1992N,N,5,0
2024-03-25 00:10,03F2066N,N,31,37
2024-03-25 00:10,03F2066N,N,32,12
2024-03-25 00:10,03F2066N,N,41,0
2024-03-25 00:10,03F2066N,N,42,1
2024-03-25 00:10,03F2066N,N,5,0
2024-03-25 00:10,03F2066S,S,31,52
2024-03-25 00:10,03F2066S,S,32,16
2024-03-25 00:10,03F2066S,S,41,0
2024-03-25 00:10,03F2066S,S,42,0
2024-03-25 00:10,03F2066S,S,5,0
2024-03-25 00:10,03F2078N,N,31,42
2024-03-25 00:10,03F2078N,N,32,9
2024-03-25 00:10,03F2078N,N,41,0
2024-03-25 00:10,03F2078N,N,42,3
2024-03-25 00:10,03F2078N,N,5,0
2024-03-25 00:10,03F2079S,S,31,51
2024-03-25 00:10,03F2079S,S,32,14
2024-03-25 00:10,03F2079S,S,41,0
2024-03-25 00:10,03F2079S,S,42,1
2024-03-25 00:10,03F2079S,S,5,0
2024-03-25 00:10,03F2100N,N,31,44
2024-03-25 00:10,03F2100N,N,32,11
2024-03-25 00:10,03F2100N,N,41,0
2024-03-25 00:10,03F2100N,N,42,2
2024-03-25 00:10,03F2100N,N,5,0
2024-03-25 00:10,03F2100S,S,31,42
2024-03-25 00:10,03F2100S,S,32,11
2024-03-25 00:10,03F2100S,S,41,0
2024-03-25 00:10,03F2100S,S,42,0
2024-03-25 00:10,03F2100S,S,5,0
2024-03-25 00:10,03F2125N,N,31,70
2024-03-25 00:10,03F2125N,N,32,16
2024-03-25 00:10,03F2125N,N,41,0
2024-03-25 00:10,03F2125N,N,42,3
2024-03-25 00:10,03F2125N,N,5,0
2024-03-25 00:10,03F2129S,S,31,39
2024-03-25 00:10,03F2129S,S,32,15
2024-03-25 00:10,03F2129S,S,41,0
2024-03-25 00:10,03F2129S,S,42,1
2024-03-25 00:10,03F2129S,S,5,0
2024-03-25 00:10,03F2152S,S,31,34
2024-03-25 00:10,03F2152S,S,32,9
2024-03-25 00:10,03F2152S,S,41,0
2024-03-25 00:10,03F2152S,S,42,1
2024-03-25 00:10,03F2152S,S,5,0
2024-03-25 00:10,03F2153N,N,31,51
2024-03-25 00:10,03F2153N,N,32,10
2024-03-25 00:10,03F2153N,N,41,0
2024-03-25 00:10,03F2153N,N,42,3
2024-03-25 00:10,03F2153N,N,5,0
2024-03-25 00:10,03F2194N,N,31,43
2024-03-25 00:10,03F2194N,N,32,8
2024-03-25 00:10,03F2194N,N,41,0
2024-03-25 00:10,03F2194N,N,42,3
2024-03-25 00:10,03F2194N,N,5,0
2024-03-25 00:10,03F2194S,S,31,41
2024-03-25 00:10,03F2194S,S,32,13
2024-03-25 00:10,03F2194S,S,41,0
2024-03-25 00:10,03F2194S,S,42,0
2024-03-25 00:10,03F2194S,S,5,0
2024-03-25 00:10,03F2231N,N,31,40
2024-03-25 00:10,03F2231N,N,32,8
2024-03-25 00:10,03F2231N,N,41,0
2024-03-25 00:10,03F2231N,N,42,0
2024-03-25 00:10,03F2231N,N,5,1
2024-03-25 00:10,03F2235S,S,31,38
2024-03-25 00:10,03F2235S,S,32,7
2024-03-25 00:10,03F2235S,S,41,2
2024-03-25 00:10,03F2235S,S,42,0
2024-03-25 00:10,03F2235S,S,5,0
2024-03-25 00:10,03F2260N,N,31,31
2024-03-25 00:10,03F2260N,N,32,9
2024-03-25 00:10,03F2260N,N,41,0
2024-03-25 00:10,03F2260N,N,42,0
2024-03-25 00:10,03F2260N,N,5,1
2024-03-25 00:10,03F2261S,S,31,35
2024-03-25 00:10,03F2261S,S,32,6
2024-03-25 00:10,03F2261S,S,41,2
2024-03-25 00:10,03F2261S,S,42,0
2024-03-25 00:10,03F2261S,S,5,0
2024-03-25 00:10,03F2306N,N,31,28
2024-03-25 00:10,03F2306N,N,32,7
2024-03-25 00:10,03F2306N,N,41,0
2024-03-25 00:10,03F2306N,N,42,0
2024-03-25 00:10,03F2306N,N,5,5
2024-03-25 00:10,03F2306S,S,31,22
2024-03-25 00:10,03F2306S,S,32,9
2024-03-25 00:10,03F2306S,S,41,0
2024-03-25 00:10,03F2306S,S,42,1
2024-03-25 00:10,03F2306S,S,5,1
2024-03-25 00:10,03F2336N,N,31,29
2024-03-25 00:10,03F2336N,N,32,10
2024-03-25 00:10,03F2336N,N,41,0
2024-03-25 00:10,03F2336N,N,42,0
2024-03-25 00:10,03F2336N,N,5,5
2024-03-25 00:10,03F2336S,S,31,16
2024-03-25 00:10,03F2336S,S,32,11
2024-03-25 00:10,03F2336S,S,41,1
2024-03-25 00:10,03F2336S,S,42,1
2024-03-25 00:10,03F2336S,S,5,1
2024-03-25 00:10,03F2415N,N,31,27
2024-03-25 00:10,03F2415N,N,32,13
2024-03-25 00:10,03F2415N,N,41,1
2024-03-25 00:10,03F2415N,N,42,2
2024-03-25 00:10,03F2415N,N,5,1
2024-03-25 00:10,03F2415S,S,31,17
2024-03-25 00:10,03F2415S,S,32,2
2024-03-25 00:10,03F2415S,S,41,0
2024-03-25 00:10,03F2415S,S,42,4
2024-03-25 00:10,03F2415S,S,5,2
2024-03-25 00:10,03F2447N,N,31,24
2024-03-25 00:10,03F2447N,N,32,10
2024-03-25 00:10,03F2447N,N,41,2
2024-03-25 00:10,03F2447N,N,42,1
2024-03-25 00:10,03F2447N,N,5,1
2024-03-25 00:10,03F2447S,S,31,11
2024-03-25 00:10,03F2447S,S,32,6
2024-03-25 00:10,03F2447S,S,41,0
2024-03-25 00:10,03F2447S,S,42,3
2024-03-25 00:10,03F2447S,S,5,1
2024-03-25 00:10,03F2535N,N,31,21
2024-03-25 00:10,03F2535N,N,32,6
2024-03-25 00:10,03F2535N,N,41,0
2024-03-25 00:10,03F2535N,N,42,2
2024-03-25 00:10,03F2535N,N,5,1
2024-03-25 00:10,03F2535S,S,31,14
2024-03-25 00:10,03F2535S,S,32,1
2024-03-25 00:10,03F2535S,S,41,0
2024-03-25 00:10,03F2535S,S,42,1
2024-03-25 00:10,03F2535S,S,5,0
2024-03-25 00:10,03F2614N,N,31,28
2024-03-25 00:10,03F2614N,N,32,6
2024-03-25 00:10,03F2614N,N,41,0
2024-03-25 00:10,03F2614N,N,42,1
2024-03-25 00:10,03F2614N,N,5,1
2024-03-25 00:10,03F2614S,S,31,14
2024-03-25 00:10,03F2614S,S,32,4
2024-03-25 00:10,03F2614S,S,41,0
2024-03-25 00:10,03F2614S,S,42,0
2024-03-25 00:10,03F2614S,S,5,0
2024-03-25 00:10,03F2709N,N,31,15
2024-03-25 00:10,03F2709N,N,32,7
2024-03-25 00:10,03F2709N,N,41,0
2024-03-25 00:10,03F2709N,N,42,0
2024-03-25 00:10,03F2709N,N,5,0
2024-03-25 00:10,03F2709S,S,31,17
2024-03-25 00:10,03F2709S,S,32,4
2024-03-25 00:10,03F2709S,S,41,0
2024-03-25 00:10,03F2709S,S,42,0
2024-03-25 00:10,03F2709S,S,5,0
2024-03-25 00:10,03F2747N,N,31,22
2024-03-25 00:10,03F2747N,N,32,7
2024-03-25 00:10,03F2747N,N,41,0
2024-03-25 00:10,03F2747N,N,42,1
2024-03-25 00:10,03F2747N,N,5,0
2024-03-25 00:10,03F2747S,S,31,17
2024-03-25 00:10,03F2747S,S,32,10
2024-03-25 00:10,03F2747S,S,41,0
2024-03-25 00:10,03F2747S,S,42,0
2024-03-25 00:10,03F2747S,S,5,0
2024-03-25 00:10,03F2777N,N,31,21
2024-03-25 00:10,03F2777N,N,32,3
2024-03-25 00:10,03F2777N,N,41,0
2024-03-25 00:10,03F2777N,N,42,0
2024-03-25 00:10,03F2777N,N,5,1
2024-03-25 00:10,03F2777S,S,31,25
2024-03-25 00:10,03F2777S,S,32,6
2024-03-25 00:10,03F2777S,S,41,0
2024-03-25 00:10,03F2777S,S,42,0
2024-03-25 00:10,03F2777S,S,5,1
2024-03-25 00:10,03F2840N,N,31,15
2024-03-25 00:10,03F2840N,N,32,6
2024-03-25 00:10,03F2840N,N,41,2
2024-03-25 00:10,03F2840N,N,42,2
2024-03-25 00:10,03F2840N,N,5,0
2024-03-25 00:10,03F2840S,S,31,20
2024-03-25 00:10,03F2840S,S,32,3
2024-03-25 00:10,03F2840S,S,41,1
2024-03-25 00:10,03F2840S,S,42,0
2024-03-25 00:10,03F2840S,S,5,0
2024-03-25 00:10,03F2899N,N,31,24
2024-03-25 00:10,03F2899N,N,32,7
2024-03-25 00:10,03F2899N,N,41,1
2024-03-25 00:10,03F2899N,N,42,0
2024-03-25 00:10,03F2899N,N,5,1
2024-03-25 00:10,03F2899S,S,31,13
2024-03-25 00:10,03F2899S,S,32,2
2024-03-25 00:10,03F2899S,S,41,0
2024-03-25 00:10,03F2899S,S,42,2
2024-03-25 00:10,03F2899S,S,5,0
2024-03-25 00:10,03F2923N,N,31,27
2024-03-25 00:10,03F2923N,N,32,6
2024-03-25 00:10,03F2923N,N,41,0
2024-03-25 00:10,03F2923N,N,42,1
2024-03-25 00:10,03F2923N,N,5,1
2024-03-25 00:10,03F2923S,S,31,18
2024-03-25 00:10,03F2923S,S,32,3
2024-03-25 00:10,03F2923S,S,41,0
2024-03-25 00:10,03F2923S,S,42,1
2024-03-25 00:10,03F2923S,S,5,1
2024-03-25 00:10,03F2985N,N,31,22
2024-03-25 00:10,03F2985N,N,32,6
2024-03-25 00:10,03F2985N,N,41,1
2024-03-25 00:10,03F2985N,N,42,1
2024-03-25 00:10,03F2985N,N,5,1
2024-03-25 00:10,03F2985S,S,31,16
2024-03-25 00:10,03F2985S,S,32,7
2024-03-25 00:10,03F2985S,S,41,0
2024-03-25 00:10,03F2985S,S,42,0
2024-03-25 00:10,03F2985S,S,5,1
2024-03-25 00:10,03F3101N,N,31,13
2024-03-25 00:10,03F3101N,N,32,6
2024-03-25 00:10,03F3101N,N,41,1
2024-03-25 00:10,03F3101N,N,42,1
2024-03-25 00:10,03F3101N,N,5,0
2024-03-25 00:10,03F3101S,S,31,18
2024-03-25 00:10,03F3101S,S,32,9
2024-03-25 00:10,03F3101S,S,41,0
2024-03-25 00:10,03F3101S,S,42,1
2024-03-25 00:10,03F3101S,S,5,0
2024-03-25 00:10,03F3187N,N,31,20
2024-03-25 00:10,03F3187N,N,32,4
2024-03-25 00:10,03F3187N,N,41,1
2024-03-25 00:10,03F3187N,N,42,0
2024-03-25 00:10,03F3187N,N,5,0
2024-03-25 00:10,03F3187S,S,31,18
2024-03-25 00:10,03F3187S,S,32,4
2024-03-25 00:10,03F3187S,S,41,0
2024-03-25 00:10,03F3187S,S,42,0
2024-03-25 00:10,03F3187S,S,5,1
2024-03-25 00:10,03F3211N,N,31,14
2024-03-25 00:10,03F3211N,N,32,8
2024-03-25 00:10,03F3211N,N,41,1
2024-03-25 00:10,03F3211N,N,42,1
2024-03-25 00:10,03F3211N,N,5,2
2024-03-25 00:10,03F3211S,S,31,27
2024-03-25 00:10,03F3211S,S,32,3
2024-03-25 00:10,03F3211S,S,41,0
2024-03-25 00:10,03F3211S,S,42,0
2024-03-25 00:10,03F3211S,S,5,1
2024-03-25 00:10,03F3259N,N,31,16
2024-03-25 00:10,03F3259N,N,32,6
2024-03-25 00:10,03F3259N,N,41,0
2024-03-25 00:10,03F3259N,N,42,1
2024-03-25 00:10,03F3259N,N,5,1
2024-03-25 00:10,03F3259S,S,31,17
2024-03-25 00:10,03F3259S,S,32,5
2024-03-25 00:10,03F3259S,S,41,0
2024-03-25 00:10,03F3259S,S,42,0
2024-03-25 00:10,03F3259S,S,5,0
2024-03-25 00:10,03F3307N,N,31,23
2024-03-25 00:10,03F3307N,N,32,5
2024-03-25 00:10,03F3307N,N,41,0
2024-03-25 00:10,03F3307N,N,42,1
2024-03-25 00:10,03F3307N,N,5,0
2024-03-25 00:10,03F3307S,S,31,11
2024-03-25 00:10,03F3307S,S,32,4
2024-03-25 00:10,03F3307S,S,41,1
2024-03-25 00:10,03F3307S,S,42,0
2024-03-25 00:10,03F3307S,S,5,0
2024-03-25 00:10,03F3392N,N,31,17
2024-03-25 00:10,03F3392N,N,32,3
2024-03-25 00:10,03F3392N,N,41,0
2024-03-25 00:10,03F3392N,N,42,2
2024-03-25 00:10,03F3392N,N,5,0
2024-03-25 00:10,03F3392S,S,31,25
2024-03-25 00:10,03F3392S,S,32,6
2024-03-25 00:10,03F3392S,S,41,0
2024-03-25 00:10,03F3392S,S,42,0
2024-03-25 00:10,03F3392S,S,5,2
2024-03-25 00:10,03F3445N,N,31,20
2024-03-25 00:10,03F3445N,N,32,4
2024-03-25 00:10,03F3445N,N,41,0
2024-03-25 00:10,03F3445N,N,42,1
2024-03-25 00:10,03F3445N,N,5,1
2024-03-25 00:10,03F3445S,S,31,11
2024-03-25 00:10,03F3445S,S,32,5
2024-03-25 00:10,03F3445S,S,41,0
2024-03-25 00:10,03F3445S,S,42,1
2024-03-25 00:10,03F3445S,S,5,0
2024-03-25 00:10,03F3496N,N,31,24
2024-03-25 00:10,03F3496N,N,32,2
2024-03-25 00:10,03F3496N,N,41,0
2024-03-25 00:10,03F3496N,N,42,1
2024-03-25 00:10,03F3496N,N,5,2
2024-03-25 00:10,03F3496S,S,31,8
2024-03-25 00:10,03F3496S,S,32,3
2024-03-25 00:10,03F3496S,S,41,0
2024-03-25 00:10,03F3496S,S,42,2
2024-03-25 00:10,03F3496S,S,5,0
2024-03-25 00:10,03F3588N,N,31,19
2024-03-25 00:10,03F3588N,N,32,4
2024-03-25 00:10,03F3588N,N,41,1
2024-03-25 00:10,03F3588N,N,42,0
2024-03-25 00:10,03F3588N,N,5,1
2024-03-25 00:10,03F3588S,S,31,20
2024-03-25 00:10,03F3588S,S,32,2
2024-03-25 00:10,03F3588S,S,41,0
2024-03-25 00:10,03F3588S,S,42,0
2024-03-25 00:10,03F3588S,S,5,2
2024-03-25 00:10,03F3670N,N,31,19
2024-03-25 00:10,03F3670N,N,32,7
2024-03-25 00:10,03F3670N,N,41,0
2024-03-25 00:10,03F3670N,N,42,1
2024-03-25 00:10,03F3670N,N,5,0
2024-03-25 00:10,03F3670S,S,31,14
2024-03-25 00:10,03F3670S,S,32,3
2024-03-25 00:10,03F3670S,S,41,0
2024-03-25 00:10,03F3670S,S,42,1
2024-03-25 00:10,03F3670S,S,5,1
2024-03-25 00:10,03F3743N,N,31,11
2024-03-25 00:10,03F3743N,N,32,4
2024-03-25 00:10,03F3743N,N,41,1
2024-03-25 00:10,03F3743N,N,42,0
2024-03-25 00:10,03F3743N,N,5,0
2024-03-25 00:10,03F3743S,S,31,19
2024-03-25 00:10,03F3743S,S,32,3
2024-03-25 00:10,03F3743S,S,41,1
2024-03-25 00:10,03F3743S,S,42,1
2024-03-25 00:10,03F3743S,S,5,3
2024-03-25 00:10,03F3854N,N,31,16
2024-03-25 00:10,03F3854N,N,32,2
2024-03-25 00:10,03F3854N,N,41,0
2024-03-25 00:10,03F3854N,N,42,1
2024-03-25 00:10,03F3854N,N,5,2
2024-03-25 00:10,03F3854S,S,31,17
2024-03-25 00:10,03F3854S,S,32,8
2024-03-25 00:10,03F3854S,S,41,0
2024-03-25 00:10,03F3854S,S,42,0
2024-03-25 00:10,03F3854S,S,5,0
2024-03-25 00:10,03F3916N,N,31,15
2024-03-25 00:10,03F3916N,N,32,2
2024-03-25 00:10,03F3916N,N,41,0
2024-03-25 00:10,03F3916N,N,42,0
2024-03-25 00:10,03F3916N,N,5,0
2024-03-25 00:10,03F3916S,S,31,15
2024-03-25 00:10,03F3916S,S,32,6
2024-03-25 00:10,03F3916S,S,41,0
2024-03-25 00:10,03F3916S,S,42,2
2024-03-25 00:10,03F3916S,S,5,1
2024-03-25 00:10,03F3981S,S,31,8
2024-03-25 00:10,03F3981S,S,32,1
2024-03-25 00:10,03F3981S,S,41,0
2024-03-25 00:10,03F3981S,S,42,1
2024-03-25 00:10,03F3981S,S,5,0
2024-03-25 00:10,03F3984N,N,31,17
2024-03-25 00:10,03F3984N,N,32,1
2024-03-25 00:10,03F3984N,N,41,0
2024-03-25 00:10,03F3984N,N,42,0
2024-03-25 00:10,03F3984N,N,5,1
2024-03-25 00:10,03F4018S,S,31,11
2024-03-25 00:10,03F4018S,S,32,3
2024-03-25 00:10,03F4018S,S,41,0
2024-03-25 00:10,03F4018S,S,42,1
2024-03-25 00:10,03F4018S,S,5,0
2024-03-25 00:10,03F4021N,N,31,12
2024-03-25 00:10,03F4021N,N,32,1
2024-03-25 00:10,03F4021N,N,41,0
2024-03-25 00:10,03F4021N,N,42,1
2024-03-25 00:10,03F4021N,N,5,0
2024-03-25 00:10,03F4142N,N,31,11
2024-03-25 00:10,03F4142N,N,32,1
2024-03-25 00:10,03F4142N,N,41,0
2024-03-25 00:10,03F4142N,N,42,0
2024-03-25 00:10,03F4142N,N,5,0
2024-03-25 00:10,03F4142S,S,31,15
2024-03-25 00:10,03F4142S,S,32,1
2024-03-25 00:10,03F4142S,S,41,0
2024-03-25 00:10,03F4142S,S,42,0
2024-03-25 00:10,03F4142S,S,5,0
2024-03-25 00:10,03F4168N,N,31,17
2024-03-25 00:10,03F4168N,N,32,8
2024-03-25 00:10,03F4168N,N,41,0
2024-03-25 00:10,03F4168N,N,42,0
2024-03-25 00:10,03F4168N,N,5,1
2024-03-25 00:10,03F4168S,S,31,21
2024-03-25 00:10,03F4168S,S,32,4
2024-03-25 00:10,03F4168S,S,41,0
2024-03-25 00:10,03F4168S,S,42,1
2024-03-25 00:10,03F4168S,S,5,0
2024-03-25 00:10,03F4232N,N,31,6
2024-03-25 00:10,03F4232N,N,32,9
2024-03-25 00:10,03F4232N,N,41,0
2024-03-25 00:10,03F4232N,N,42,0
2024-03-25 00:10,03F4232N,N,5,1
2024-03-25 00:10,03F4232S,S,31,10
2024-03-25 00:10,03F4232S,S,32,4
2024-03-25 00:10,03F4232S,S,41,0
2024-03-25 00:10,03F4232S,S,42,0
2024-03-25 00:10,03F4232S,S,5,1
2024-03-25 00:10,03F4259N,N,31,3
2024-03-25 00:10,03F4259N,N,32,0
2024-03-25 00:10,03F4259N,N,41,0
2024-03-25 00:10,03F4259N,N,42,0
2024-03-25 00:10,03F4259N,N,5,0
2024-03-25 00:10,03F4263S,S,31,4
2024-03-25 00:10,03F4263S,S,32,1
2024-03-25 00:10,03F4263S,S,41,0
2024-03-25 00:10,03F4263S,S,42,0
2024-03-25 00:10,03F4263S,S,5,0
2024-03-25 00:10,05F0000S,S,31,32
2024-03-25 00:10,05F0000S,S,32,10
2024-03-25 00:10,05F0000S,S,41,0
2024-03-25 00:10,05F0000S,S,42,1
2024-03-25 00:10,05F0000S,S,5,0
2024-03-25 00:10,05F0001N,N,31,57
2024-03-25 00:10,05F0001N,N,32,14
2024-03-25 00:10,05F0001N,N,41,1
2024-03-25 00:10,05F0001N,N,42,0
2024-03-25 00:10,05F0001N,N,5,0
2024-03-25 00:10,05F0055N,N,31,64
2024-03-25 00:10,05F0055N,N,32,21
2024-03-25 00:10,05F0055N,N,41,0
2024-03-25 00:10,05F0055N,N,42,0
2024-03-25 00:10,05F0055N,N,5,1
2024-03-25 00:10,05F0055S,S,31,33
2024-03-25 00:10,05F0055S,S,32,9
2024-03-25 00:10,05F0055S,S,41,0
2024-03-25 00:10,05F0055S,S,42,0
2024-03-25 00:10,05F0055S,S,5,0
2024-03-25 00:10,05F0287N,N,31,39
2024-03-25 00:10,05F0287N,N,32,11
2024-03-25 00:10,05F0287N,N,41,0
2024-03-25 00:10,05F0287N,N,42,0
2024-03-25 00:10,05F0287N,N,5,0
2024-03-25 00:10,05F0287S,S,31,29
2024-03-25 00:10,05F0287S,S,32,9
2024-03-25 00:10,05F0287S,S,41,2
2024-03-25 00:10,05F0287S,S,42,0
2024-03-25 00:10,05F0287S,S,5,0
2024-03-25 00:10,05F0309N,N,31,27
2024-03-25 00:10,05F0309N,N,32,5
2024-03-25 00:10,05F0309N,N,41,0
2024-03-25 00:10,05F0309N,N,42,0
2024-03-25 00:10,05F0309N,N,5,2
2024-03-25 00:10,05F0309S,S,31,25
2024-03-25 00:10,05F0309S,S,32,5
2024-03-25 00:10,05F0309S,S,41,1
2024-03-25 00:10,05F0309S,S,42,1
2024-03-25 00:10,05F0309S,S,5,0
2024-03-25 00:10,05F0438N,N,31,20
2024-03-25 00:10,05F0438N,N,32,9
2024-03-25 00:10,05F0438N,N,41,0
2024-03-25 00:10,05F0438N,N,42,1
2024-03-25 00:10,05F0438N,N,5,1
2024-03-25 00:10,05F0439S,S,31,15
2024-03-25 00:10,05F0439S,S,32,2
2024-03-25 00:10,05F0439S,S,41,1
2024-03-25 00:10,05F0439S,S,42,1
2024-03-25 00:10,05F0439S,S,5,3
2024-03-25 00:10,05F0494S,S,31,4
2024-03-25 00:10,05F0494S,S,32,0
2024-03-25 00:10,05F0494S,S,41,0
2024-03-25 00:10,05F0494S,S,42,0
2024-03-25 00:10,05F0494S,S,5,1
2024-03-25 00:10,05F0528N,N,31,16
2024-03-25 00:10,05F0528N,N,32,2
2024-03-25 00:10,05F0528N,N,41,0
2024-03-25 00:10,05F0528N,N,42,0
2024-03-25 00:10,05F0528N,N,5,1
2024-03-25 00:10,05FR113S,S,31,2
2024-03-25 00:10,05FR113S,S,32,1
2024-03-25 00:10,05FR113S,S,41,0
2024-03-25 00:10,05FR113S,S,42,0
2024-03-25 00:10,05FR113S,S,5,0
2024-03-25 00:10,05FR143N,N,31,0
2024-03-25 00:10,05FR143N,N,32,2
2024-03-25 00:10,05FR143N,N,41,0
2024-03-25 00:10,05FR143N,N,42,0
2024-03-25 00:10,05FR143N,N,5,0
